ts,x,y,h,latitude,longitude,altitude,mach,tas,vertical_rate,heading,fuel,mass,thrust,fid,cost_grid
0.0,-76407.08707006753,58250.731448857965,30.48000001167079,52.31661631012152,4.746295545686988,100.0,0.5,330.63,3500.0,125.83,35.52,74294.0,107773.0,DLH3A_603,0.08606048498672815
20.0,-73626.98495995376,56243.231648482506,391.63970362695227,52.29894420742406,4.787631073481112,1285.0,0.5537,364.63,3500.0,130.83,34.45,74260.0,99564.0,DLH3A_603,0.08117732470466259
41.0,-70762.83668020484,53768.094857958866,752.7994076104144,52.277063460704376,4.830267444968703,2470.0,0.6063,397.64,3500.0,135.61,33.19,74227.0,92253.0,DLH3A_603,0.06758768174284362
61.0,-67873.16321083748,50816.036812856044,1113.959111667382,52.250881939545984,4.873332884355963,3655.0,0.6565,428.8,3500.0,132.35,31.82,74195.0,85845.0,DLH3A_603,0.0556525743498021
81.0,-64579.31996316184,47813.585801531306,1475.1188157421475,52.224279105799276,4.922290268148656,4840.0,0.7036,457.61,3500.0,128.45,30.42,74164.0,80283.0,DLH3A_603,0.046964117051356884
102.0,-60852.746515642866,44854.98057793566,1836.2785198239994,52.19809822020272,4.977529679426484,6025.0,0.7472,483.88,3500.0,124.64,29.06,74135.0,75473.0,DLH3A_603,0.04141882778484906
122.0,-56711.99307798298,41994.34056949718,2197.438223911478,52.172815236214014,5.03876057384341,7209.0,0.7871,507.61,3500.0,122.1,27.77,74108.0,71314.0,DLH3A_603,0.038694896799391476
142.0,-52238.417033271246,39188.345962755615,2558.5979280014276,52.148023586170396,5.104790901117954,8394.0,0.82,526.53,3500.0,120.75,26.67,74081.0,67967.0,DLH3A_603,0.03760884837274831
163.0,-47530.18780236799,36387.52059638054,2919.7576320553803,52.12326184481795,5.174183945764724,9579.0,0.82,524.25,3500.0,121.34,26.35,74055.0,67036.0,DLH3A_603,0.036714563001659165
183.0,-42871.705635182865,33550.469928196195,3280.917336053801,52.0981298231945,5.2427762131267555,10764.0,0.82,521.96,3500.0,123.65,26.31,74028.0,66904.0,DLH3A_603,0.03247027198386966
203.0,-38351.32513578608,30541.360395682295,3642.0770400005968,52.071401203618,5.309290083144761,11949.0,0.82,519.65,3500.0,126.02,26.38,74002.0,67132.0,DLH3A_603,0.02864746029460265
223.0,-33978.59535719182,27362.353970659362,4003.2367439021587,52.04309828888176,5.373582402473295,13134.0,0.82,517.34,3500.0,127.35,26.43,73975.0,67269.0,DLH3A_603,0.025410159558959932
244.0,-29700.0455370827,24097.522190114916,4364.3964477640175,52.01398356973989,5.436424634834039,14319.0,0.82,515.02,3500.0,127.72,26.45,73949.0,67314.0,DLH3A_603,0.024008200844416825
264.0,-25462.315621453345,20819.5612536452,4725.556151587143,51.984715518824935,5.498590009195701,15504.0,0.82,512.69,3500.0,128.37,26.43,73923.0,67267.0,DLH3A_603,0.02301670085062034
284.0,-21281.189775745574,17508.996771069316,5086.71585537123,51.95511941146487,5.559850170996913,16689.0,0.82,510.35,3500.0,128.19,26.38,73896.0,67128.0,DLH3A_603,0.022276672521586143
305.0,-17109.048016389424,14226.748828109003,5447.8755591161425,51.92574593717808,5.620897040671361,17874.0,0.82,507.99,3500.0,127.58,26.3,73870.0,66897.0,DLH3A_603,0.021605341089018668
325.0,-12921.548304669126,11004.47749322293,5809.035262822911,51.89688066810241,5.682085581699085,19059.0,0.82,505.63,3500.0,127.03,26.19,73844.0,66575.0,DLH3A_603,0.021000195387660927
345.0,-8722.996752853325,7837.677957442254,6170.19496645833,51.868482754540835,5.743355068896042,20243.0,0.82,503.25,3500.0,126.76,26.05,73818.0,66163.0,DLH3A_603,0.010664032517059312
366.0,-4529.551565642872,4705.62756154217,6531.354668644521,51.84036552679703,5.804472412611376,21428.0,0.82,500.86,3500.0,126.75,25.87,73792.0,65662.0,DLH3A_603,0.0
386.0,-355.85061423594567,1589.0251315633814,6892.514369430491,51.812355581149276,5.865226205833093,22613.0,0.82,498.47,3500.0,126.75,25.67,73766.0,65074.0,DLH3A_603,0.0
406.0,3797.67127201722,-1512.509105577291,7253.6740699870525,51.78444994180927,5.925611230943795,23798.0,0.82,496.06,3500.0,126.75,25.43,73741.0,64401.0,DLH3A_603,0.0
427.0,7930.915585015306,-4598.901593595342,7614.833770303575,51.7566498588162,5.985627253965191,24983.0,0.82,493.63,3500.0,126.75,25.16,73716.0,63647.0,DLH3A_603,0.0
447.0,12043.782360587213,-7670.077687344727,7975.993470372886,51.72895653862073,6.045274047200068,26168.0,0.82,491.2,3117.0,126.75,24.85,73691.0,62813.0,DLH3A_603,0.0
467.0,16139.390812801585,-10728.366579169067,8297.634241011943,51.70134945973184,6.104597934546002,27223.0,0.82,489.02,2617.0,126.75,24.56,73666.0,62007.0,DLH3A_603,0.0
488.0,20220.546929058324,-13775.86356760455,8567.68077481342,51.67381012097992,6.163640483389986,28109.0,0.8157,484.62,2117.0,126.75,24.32,73642.0,61378.0,DLH3A_603,0.0
508.0,24268.235466871865,-16798.36951644256,8786.133069069543,51.64646742110793,6.222127942072067,28826.0,0.8075,478.32,1617.0,126.75,24.15,73618.0,60921.0,DLH3A_603,0.0
528.0,28266.256762198376,-19783.787749079063,8952.991123153315,51.61943174802249,6.279828482641753,29373.0,0.7992,472.26,1117.0,126.75,23.6,73594.0,59465.0,DLH3A_603,0.0
548.0,32216.177644318745,-22733.288254545176,9068.254937175276,51.59269360488795,6.336767318079644,29751.0,0.7899,465.98,617.0,126.75,20.38,73574.0,51317.0,DLH3A_603,0.0
569.0,36115.724537064554,-25645.173299896156,9131.924512038066,51.56626947069806,6.392914255880415,29960.0,0.7782,458.67,117.0,126.75,16.9,73557.0,43063.0,DLH3A_603,0.0
589.0,39955.80154656524,-28512.650763736354,9143.999851127846,51.54022216836356,6.448141158346339,30000.0,0.7748,456.63,0.0,126.75,16.05,73541.0,41083.0,DLH3A_603,0.0
609.0,43779.17817383672,-31367.65765798222,9143.999858231326,51.5142624202996,6.50306508244636,30000.0,0.7748,456.62,0.0,126.75,16.05,73525.0,41076.0,DLH3A_603,0.0
630.0,47602.45088439986,-34222.58696104927,9143.999865083144,51.48827776339278,6.557924922878741,30000.0,0.7748,456.61,0.0,126.75,16.04,73509.0,41070.0,DLH3A_603,0.0
650.0,51425.61953730733,-37077.43856689738,9143.99987169991,51.462268253694965,6.612720750696743,30000.0,0.7748,456.6,0.0,126.75,16.04,73493.0,41063.0,DLH3A_603,0.0
670.0,55248.683986032,-39932.2123677866,9143.999878096645,51.43623394717917,6.667452637033689,30000.0,0.7748,456.58,0.0,126.75,16.04,73477.0,41056.0,DLH3A_603,0.0
691.0,59071.6440840646,-42786.908255286166,9143.999884286977,51.41017489973015,6.7221206531820545,30000.0,0.7747,456.57,0.0,126.75,16.03,73460.0,41050.0,DLH3A_603,0.0
711.0,62894.49968446787,-45641.52612104045,9143.999890283296,51.38409116713745,6.776724870585157,30000.0,0.7747,456.56,0.0,126.75,16.03,73444.0,41043.0,DLH3A_603,0.0
731.0,66717.2506397873,-48496.06585679714,9143.999896096915,51.35798280509512,6.831265360834097,30000.0,0.7747,456.55,0.0,126.75,16.03,73428.0,41037.0,DLH3A_603,0.0
752.0,70539.89680218515,-51350.527354272126,9143.999901738182,51.33184986920289,6.885742195667939,30000.0,0.7747,456.53,0.0,126.75,16.03,73412.0,41030.0,DLH3A_603,0.0
772.0,74362.43802379207,-54204.91050502984,9143.999907216594,51.305692414967204,6.940155446977026,30000.0,0.7747,456.52,0.0,126.75,16.02,73396.0,41023.0,DLH3A_603,0.0
792.0,78184.87410023715,-57059.215155723876,9143.999912540885,51.27951049821142,6.9945051859993095,30000.0,0.7746,456.51,0.0,126.75,16.02,73380.0,41017.0,DLH3A_603,0.0
0.0,93095.8317380723,-43237.024382403106,30.48000023700539,52.31662000089218,4.746299998559641,100.0,0.5,330.63,3500.0,296.64,37.74,75679.0,107773.0,EIN60Y_1710,0.08606137157719787
22.0,89840.20651303497,-41603.69296143493,414.1465097872844,52.33185213949258,4.698852356168165,1359.0,0.5546,365.11,3500.0,291.64,36.57,75642.0,99354.0,EIN60Y_1710,0.08237519578077004
43.0,86097.94949824609,-40118.80163385046,797.8130196127223,52.345807681646484,4.644170757103715,2617.0,0.608,398.57,3500.0,286.68,35.18,75607.0,91878.0,EIN60Y_1710,0.07265174452349199
65.0,81884.94663474913,-38856.204403030635,1181.4795294547282,52.35781013444471,4.582468793620563,3876.0,0.6591,430.1,3500.0,290.63,33.67,75573.0,85347.0,EIN60Y_1710,0.058435808080054844
86.0,77440.80966404924,-37183.31473768107,1565.1460392971014,52.37350262439938,4.5174247632602205,5135.0,0.7068,459.2,3500.0,293.33,32.15,75541.0,79695.0,EIN60Y_1710,0.04033843289360515
108.0,72783.75522089272,-35174.732032503714,1948.8125491395829,52.3922064462204,4.4492708524229085,6394.0,0.7509,485.66,3500.0,296.41,30.66,75511.0,74823.0,EIN60Y_1710,0.024700349362346122
129.0,67978.26999194732,-32788.21357359413,2332.479058985253,52.414288072321995,4.378948449251657,7652.0,0.7913,509.5,3500.0,297.42,29.27,75481.0,70624.0,EIN60Y_1710,0.0154469612026916
151.0,62980.53562732032,-30195.913348431975,2716.1455688356773,52.43820071362321,4.305758992968098,8911.0,0.82,525.53,3500.0,297.42,28.18,75453.0,67559.0,EIN60Y_1710,0.012062489081984923
173.0,57825.32664299584,-27521.039406859996,3099.812078686096,52.46282746832205,4.230180360097069,10170.0,0.82,523.11,3500.0,297.61,27.89,75425.0,66756.0,EIN60Y_1710,0.009192579908483423
194.0,52702.98954458906,-24841.670923955928,3483.4785885349756,52.487443239104245,4.155003377305749,11429.0,0.82,520.67,3500.0,297.22,28.0,75397.0,67042.0,EIN60Y_1710,0.007631414024266654
216.0,47586.41365629224,-22210.278395491307,3867.1450983821796,52.51157938326328,4.079820511111489,12687.0,0.82,518.21,3500.0,296.92,28.06,75369.0,67228.0,EIN60Y_1710,0.006538753571848557
237.0,42480.55930204124,-19617.972564989806,4250.811608227479,52.535315502981184,4.004708582876234,13946.0,0.82,515.75,3500.0,296.56,28.09,75341.0,67310.0,EIN60Y_1710,0.005623319132416414
259.0,37383.306617792696,-17069.632687499878,4634.478118070642,52.55860806278586,3.9296377408370606,15205.0,0.82,513.28,3500.0,296.22,28.08,75313.0,67287.0,EIN60Y_1710,0.0050035449630105025
281.0,32295.802765852033,-14563.729940603884,5018.144627911435,52.58147088198722,3.854627348315048,16464.0,0.82,510.79,3500.0,296.02,28.04,75285.0,67162.0,EIN60Y_1710,0.004449887350692752
302.0,27224.309537120866,-12088.164646334058,5401.811137749617,52.60401263333328,3.7797733254562775,17722.0,0.82,508.29,3500.0,295.87,27.95,75257.0,66932.0,EIN60Y_1710,0.004041428248479841
324.0,22171.314029569072,-9638.281651807865,5785.477647584968,52.6262754343777,3.705114616819164,18981.0,0.82,505.78,3500.0,295.74,27.83,75229.0,66599.0,EIN60Y_1710,0.0036982119669211368
345.0,17138.276040646255,-7211.464353677815,6169.144157416668,52.64828319735883,3.6306746197554696,20240.0,0.82,503.26,3500.0,295.68,27.67,75201.0,66164.0,EIN60Y_1710,0.0017573560689685432
367.0,12128.141595585026,-4801.96443247021,6552.810667233413,52.6700880208191,3.5564987681169535,21499.0,0.82,500.72,3500.0,295.68,27.47,75174.0,65629.0,EIN60Y_1710,0.0
388.0,7143.422465026622,-2404.8962695814457,6936.4771770442685,52.69173436060778,3.4826257652594164,22757.0,0.82,498.17,3500.0,295.68,27.24,75147.0,64997.0,EIN60Y_1710,0.0
410.0,2184.3317370489312,-20.15237742677182,7320.143686849796,52.713223803731914,3.409059927383686,24016.0,0.82,495.61,3500.0,295.68,26.96,75120.0,64269.0,EIN60Y_1710,0.0
432.0,-2748.9974629426365,2352.2032262422595,7703.810196649778,52.734556332205926,3.33580430271712,25275.0,0.82,493.04,3500.0,295.68,26.65,75093.0,63449.0,EIN60Y_1710,0.0
453.0,-7656.429913373546,4712.10551565198,8087.476706444098,52.75573201012685,3.2628621233182646,26534.0,0.82,490.45,3500.0,295.68,26.3,75067.0,62540.0,EIN60Y_1710,0.0
475.0,-12537.828242024529,7059.4884308192695,8471.143216191378,52.776750926292124,3.190236593815506,27792.0,0.8183,486.84,3500.0,295.68,25.92,75041.0,61585.0,EIN60Y_1710,0.0
496.0,-17383.004222962838,9389.452624104446,8854.809725943347,52.797569982722,3.1180806610156413,29051.0,0.8138,481.55,3357.0,295.68,25.53,75015.0,60596.0,EIN60Y_1710,0.0
518.0,-22176.6315187291,11694.627915862737,9222.748254780789,52.81812443755977,3.0466244707102534,30258.0,0.8083,475.83,2857.0,295.68,26.44,74989.0,62904.0,EIN60Y_1710,0.0
539.0,-26918.02153372813,13974.683171436967,9535.877282374408,52.83841265915037,2.975880508236905,31286.0,0.8059,472.29,2357.0,295.68,25.8,74963.0,61283.0,EIN60Y_1710,0.0
561.0,-31628.476406664202,16239.862233711463,9794.196808654931,52.85852683607977,2.9055327026225997,32133.0,0.8086,472.11,1857.0,295.68,25.24,74938.0,59872.0,EIN60Y_1710,0.0
583.0,-36341.122136479535,18506.094842611117,9997.706833605425,52.87860873217974,2.8350869620573764,32801.0,0.8081,470.43,1357.0,295.68,24.8,74913.0,58787.0,EIN60Y_1710,0.0
604.0,-41040.40702903431,20765.90244824155,10146.407357226546,52.89859215667649,2.7647760159284083,33289.0,0.801,465.28,857.0,295.68,22.69,74890.0,53742.0,EIN60Y_1710,0.0
626.0,-45691.28160005831,23002.430339121613,10240.29837953784,52.91832881242143,2.6951255790294217,33597.0,0.7936,460.33,357.0,295.68,19.14,74871.0,45671.0,EIN60Y_1710,0.0
647.0,-50295.090008096595,25216.324898668594,10279.379900617936,52.9378255915098,2.6261175036939766,33725.0,0.7878,456.74,-0.0,295.68,16.49,74855.0,39859.0,EIN60Y_1710,0.0
669.0,-54864.44734994984,27413.652516233244,10279.379900565647,52.95713691606938,2.5575643778598596,33725.0,0.7878,456.73,-0.0,295.68,16.48,74838.0,39851.0,EIN60Y_1710,0.0
691.0,-59433.75999856257,29610.95864186431,10279.379900511134,52.97640858098991,2.488950732314606,33725.0,0.7878,456.73,-0.0,295.68,16.48,74822.0,39844.0,EIN60Y_1710,0.0
712.0,-64003.027917206055,31808.243257940354,10279.379900454449,52.99564052441929,2.4202765974552234,33725.0,0.7878,456.72,-0.0,295.68,16.48,74805.0,39837.0,EIN60Y_1710,0.0
734.0,-68572.25106904868,34005.50634679602,10279.379900395645,53.01483268450929,2.351542004278513,33725.0,0.7878,456.72,-0.0,295.68,16.47,74789.0,39830.0,EIN60Y_1710,0.0
755.0,-73141.42941721114,36202.74789074992,10279.379900334765,53.03398499941628,2.282746984382134,33725.0,0.7878,456.72,-0.0,295.68,16.47,74772.0,39823.0,EIN60Y_1710,0.0
777.0,-77710.56292476614,38399.96787210598,10279.379900271866,53.05309740730205,2.2138915699665134,33725.0,0.7878,456.71,-0.0,295.68,16.47,74756.0,39815.0,EIN60Y_1710,0.0
798.0,-82279.6515547383,40597.16627315502,10279.379900206994,53.07216984633442,2.1449757938367493,33725.0,0.7878,456.71,-0.0,295.68,16.46,74739.0,39808.0,EIN60Y_1710,0.0
820.0,-86848.6952701053,42794.34307617535,10279.379900140191,53.091202254687985,2.075999689404498,33725.0,0.7878,456.7,-0.0,295.68,16.46,74723.0,39801.0,EIN60Y_1710,0.0
842.0,-91417.6940328789,44991.498263038964,10279.379900071497,53.11019457054144,2.0069632907037516,33725.0,0.7878,456.7,-0.0,295.68,16.46,74707.0,39794.0,EIN60Y_1710,0.0
0.0,93195.47389129027,-44275.07657530176,30.480000006359113,52.316620000084384,4.746299998573995,100.0,0.5,330.63,3000.0,297.15,37.89,77962.0,107773.0,EIN611_1579,0.08606137143149617
22.0,89935.46169062906,-42603.40210481068,360.6786995963277,52.332198254500504,4.698798685998347,1183.0,0.5598,368.81,3500.0,292.15,36.66,77925.0,99039.0,EIN611_1579,0.08328365365154995
43.0,86152.90577340545,-41063.77901596983,745.9104954043542,52.346652999779124,4.643538124216618,2447.0,0.6101,400.15,3500.0,287.15,35.33,77890.0,91901.0,EIN611_1579,0.07364928255207659
65.0,81916.22883248614,-39756.5262014163,1131.1422929677497,52.35906103588151,4.5814976594091625,3711.0,0.658,429.68,3500.0,290.65,33.88,77856.0,85640.0,EIN611_1579,0.05908179506965989
87.0,77459.01818909764,-38076.762150605005,1516.3740905812022,52.37481752923174,4.516261040390242,4975.0,0.703,456.98,3500.0,293.48,32.42,77824.0,80191.0,EIN611_1579,0.04049805416361348
108.0,72810.92841949112,-36057.77801653548,1901.605888219217,52.3936139118183,4.448239649170963,6239.0,0.7447,481.89,3500.0,296.77,30.99,77793.0,75465.0,EIN611_1579,0.024608462694907317
130.0,68038.45770445987,-33650.316848861636,2286.837685986917,52.415880041167206,4.378406297433954,7503.0,0.7831,504.44,3500.0,297.88,29.64,77763.0,71361.0,EIN611_1579,0.015394874862259949
152.0,63091.58033044808,-31033.03313727143,2672.069483937576,52.440012063526765,4.305969714654439,8767.0,0.8184,524.78,3500.0,297.92,28.38,77735.0,67783.0,EIN611_1579,0.012030929002497515
173.0,57946.23961915755,-28306.38429849131,3057.3012820383037,52.46510447031119,4.2305436702831445,10031.0,0.82,523.37,3500.0,298.14,27.99,77707.0,66719.0,EIN611_1579,0.009163353608576442
195.0,52825.281774754665,-25567.629388175155,3442.5330800969145,52.490255352816476,4.155393717085355,11294.0,0.82,520.93,3500.0,297.74,28.1,77679.0,67017.0,EIN611_1579,0.0075964007480218195
217.0,47709.68474404224,-22877.27231610684,3827.764878106426,52.514922882996515,4.080230080613105,12558.0,0.82,518.47,3500.0,297.44,28.17,77651.0,67213.0,EIN611_1579,0.006504592157522601
238.0,42604.46637586713,-20226.524096224137,4212.996676060171,52.53918574207867,4.005130434171023,13822.0,0.82,516.0,3500.0,297.08,28.21,77622.0,67305.0,EIN611_1579,0.005590592257064325
260.0,37507.21895652187,-17620.731294643057,4598.2284739514735,52.56299620070102,3.930060623004314,15086.0,0.82,513.51,3500.0,296.73,28.2,77594.0,67294.0,EIN611_1579,0.004971644801576473
282.0,32419.300151191255,-15058.010789360482,4983.460271773715,52.58637123147272,3.8550431914117245,16350.0,0.82,511.02,3500.0,296.57,28.16,77566.0,67177.0,EIN611_1579,0.004427438955600588
303.0,27349.17461130882,-12522.138540450584,5368.6920695205035,52.609456470882556,3.780207060629484,17614.0,0.82,508.51,3500.0,296.42,28.08,77538.0,66956.0,EIN611_1579,0.004019907285324342
325.0,22297.384849902017,-10012.43571421333,5753.923867186203,52.63225840511618,3.7055619819601895,18878.0,0.82,505.99,3500.0,296.29,27.96,77510.0,66630.0,EIN611_1579,0.003677148906525721
347.0,17265.42795860737,-7526.281043634617,6139.155664746491,52.65480098007878,3.6311319320972353,20142.0,0.82,503.46,3500.0,296.23,27.8,77482.0,66201.0,EIN611_1579,0.002032053947903606
368.0,12256.040534070395,-5058.496607729533,6524.387461675016,52.67713116303798,3.556959250090916,21405.0,0.82,500.91,3500.0,296.22,27.6,77455.0,65673.0,EIN611_1579,0.0
390.0,7272.041278453637,-2603.6969840613847,6909.6192581992145,52.69929788857083,3.4830872604392966,22669.0,0.82,498.35,3500.0,296.22,27.37,77427.0,65044.0,EIN611_1579,0.0
412.0,2313.7524940299622,-161.56069802130747,7294.851054543442,52.721304664867766,3.4095219357556417,23933.0,0.82,495.78,3500.0,296.22,27.09,77400.0,64320.0,EIN611_1579,0.0
433.0,-2618.6918153532397,2267.8462503188716,7680.082850702764,52.74315145980515,3.336266363642173,25197.0,0.82,493.19,3500.0,296.22,26.78,77373.0,63503.0,EIN611_1579,0.0
455.0,-7525.155557516055,4684.456831505008,8065.314646316429,52.764838313316595,3.2633238086974057,26461.0,0.8194,490.25,3236.0,296.22,26.43,77347.0,62610.0,EIN611_1579,0.0
477.0,-12404.771118801887,7087.843715324369,8421.52329408698,52.78636208579097,3.1907083781714225,27630.0,0.8193,487.79,2736.0,296.22,26.07,77321.0,61695.0,EIN611_1579,0.0
498.0,-17264.53091461593,9481.450919729756,8722.698832940227,52.807754179033225,3.1183170667183453,28618.0,0.82,486.13,2236.0,296.22,25.74,77295.0,60853.0,EIN611_1579,0.0
520.0,-22111.992976714395,11869.001048989507,8968.84126064881,52.82904822240993,3.0460380177001785,29425.0,0.8128,480.2,1736.0,296.22,25.5,77270.0,60276.0,EIN611_1579,0.0
542.0,-26904.026241090425,14229.250497636873,9159.950576670568,52.85005558992842,2.9745158470255797,30052.0,0.8048,474.19,1236.0,296.22,26.58,77243.0,62995.0,EIN611_1579,0.0
563.0,-31639.35643886042,16561.57164282905,9296.026781054394,52.870772129444696,2.9037720237380187,30499.0,0.7966,468.43,736.0,296.22,23.15,77220.0,54599.0,EIN611_1579,0.0
585.0,-36319.978506166786,18866.947063517313,9377.069874455296,52.89120798058855,2.8337791501976515,30765.0,0.7874,462.51,236.0,296.22,19.44,77200.0,46161.0,EIN611_1579,0.0
607.0,-40943.752926853624,21144.32297162187,9403.07985938766,52.911355203455926,2.7645716000072103,30850.0,0.7825,459.46,0.0,296.22,17.6,77183.0,42127.0,EIN611_1579,0.0
628.0,-45537.95460943364,23407.133245625908,9403.079864485426,52.931333705758405,2.6957429583721297,30850.0,0.7825,459.45,0.0,296.22,17.6,77165.0,42119.0,EIN611_1579,0.0
650.0,-50132.079369274354,25669.905641054567,9403.079869452835,52.95127207383103,2.626851967910594,30850.0,0.7825,459.44,0.0,296.22,17.59,77148.0,42112.0,EIN611_1579,0.0
672.0,-54726.12712861113,27932.64012087125,9403.079874295976,52.971170243815685,2.5578986553597924,30850.0,0.7825,459.43,0.0,296.22,17.59,77130.0,42105.0,EIN611_1579,0.0
693.0,-59320.09780629117,30195.336646498065,9403.07987902053,52.99102815184105,2.4888830481224757,30850.0,0.7825,459.43,0.0,296.22,17.59,77112.0,42098.0,EIN611_1579,0.0
715.0,-63913.99132098473,32457.995179418453,9403.079883631808,53.010845734037574,2.419805174220893,30850.0,0.7825,459.42,0.0,296.22,17.58,77095.0,42090.0,EIN611_1579,0.0
737.0,-68507.80759112493,34720.61568132122,9403.079888134764,53.030622926539486,2.3506650622997145,30850.0,0.7824,459.41,0.0,296.22,17.58,77077.0,42083.0,EIN611_1579,0.0
758.0,-73101.54653502052,36983.19811388054,9403.079892534031,53.05035966548354,2.281462741626453,30850.0,0.7824,459.4,0.0,296.22,17.58,77060.0,42076.0,EIN611_1579,0.0
780.0,-77695.20807070381,39245.74243914439,9403.079896833964,53.07005588701322,2.2121982420957313,30850.0,0.7824,459.4,0.0,296.22,17.57,77042.0,42069.0,EIN611_1579,0.0
802.0,-82288.79211602118,41508.24861940882,9403.07990103864,53.08971152727835,2.1428715942300096,30850.0,0.7824,459.39,0.0,296.22,17.57,77025.0,42061.0,EIN611_1579,0.0
823.0,-86882.29858866843,43770.71661730523,9403.079905151895,53.10932652243654,2.073482829181099,30850.0,0.7824,459.38,0.0,296.22,17.57,77007.0,42054.0,EIN611_1579,0.0
845.0,-91475.72737042318,46033.14637059157,9403.079909177333,53.12890080843343,2.004031979275424,30850.0,0.7824,459.37,0.0,296.22,17.56,76989.0,42047.0,EIN611_1579,0.0
0.0,93130.94112855328,31352.827530679628,30.48000002164906,52.31662000006697,4.7462999985864895,100.0,0.5,330.63,3500.0,253.07,36.77,74167.0,107773.0,EIN84T_1587,0.08606137142879033
21.0,89735.37421479168,30319.230286020073,404.3317995552592,52.30789249250743,4.696077062243313,1327.0,0.5558,365.98,3500.0,258.07,35.62,74131.0,99263.0,EIN84T_1587,0.07930998355953583
42.0,85887.5545940306,29506.26010082685,778.1835997296117,52.30119845345029,4.639280733198721,2553.0,0.6104,400.22,3500.0,263.07,34.25,74097.0,91724.0,EIN84T_1587,0.06965826989607597
63.0,81615.17986463108,28986.9728425441,1152.0353999868346,52.2971812252563,4.576331166266342,3780.0,0.6624,432.43,3500.0,268.07,32.76,74064.0,85153.0,EIN84T_1587,0.05784209528639719
84.0,76965.26777422563,28830.27856530206,1525.8872002237922,52.296444063358294,4.507925715625396,5006.0,0.7109,462.07,3500.0,273.07,31.26,74033.0,79484.0,EIN84T_1587,0.04423926221062265
105.0,71999.06496791063,29096.627026718586,1899.7390004488093,52.299513084815615,4.4349629969539555,6233.0,0.7555,488.95,3500.0,278.07,29.81,74003.0,74610.0,EIN84T_1587,0.03295720242489184
126.0,66787.09677950187,29835.611856109488,2273.590800688814,52.30681728718672,4.358470314901101,7459.0,0.7964,513.1,3500.0,273.14,28.45,73975.0,70420.0,EIN84T_1587,0.024147082800565423
147.0,61270.16120675031,30138.66271613616,2647.4426009623107,52.31018628230908,4.277386813392617,8686.0,0.82,525.97,3500.0,268.14,27.52,73947.0,67736.0,EIN84T_1587,0.017928967163692088
168.0,55608.80605160733,29955.224819304894,3021.2944012178414,52.30913979538549,4.194085965587521,9912.0,0.82,523.6,3500.0,263.14,27.18,73920.0,66778.0,EIN84T_1587,0.013335109755742168
189.0,50010.48204340982,29282.13323127847,3395.1462014469275,52.30362581524911,4.111643146042582,11139.0,0.82,521.23,3500.0,258.64,27.26,73893.0,66986.0,EIN84T_1587,0.011275093958780381
210.0,44507.52118719023,28176.964364557625,3768.9980016493437,52.29416125745054,4.030565887532898,12365.0,0.82,518.84,3500.0,255.48,27.33,73865.0,67190.0,EIN84T_1587,0.009256937684394497
231.0,39098.92801480162,26776.682672481984,4142.849801823386,52.2819806654995,3.9508762103152932,13592.0,0.82,516.45,3500.0,253.17,27.37,73838.0,67296.0,EIN84T_1587,0.008157442410823975
252.0,33776.18277933265,25166.79301974063,4516.70160196685,52.26785626603932,3.8724709109638136,14819.0,0.82,514.04,3500.0,251.18,27.37,73811.0,67305.0,EIN84T_1587,0.007188824375842886
273.0,28537.295559333663,23381.543753911683,4890.553402076877,52.2520986670217,3.7953326403431373,16045.0,0.82,511.62,3500.0,249.7,27.34,73783.0,67215.0,EIN84T_1587,0.006358103379353731
294.0,23371.062614545695,21470.31791159945,5264.405202150939,52.235154882374914,3.719307372473938,17272.0,0.82,509.19,3500.0,248.42,27.27,73756.0,67026.0,EIN84T_1587,0.005837102805474991
315.0,18273.44029706651,19453.71515228012,5638.257002186415,52.21721239981881,3.644341587076188,18498.0,0.82,506.75,3500.0,247.27,27.17,73729.0,66739.0,EIN84T_1587,0.005280199005630801
336.0,13241.614279481797,17345.905877840563,6012.1088021809455,52.19840068929401,3.5703982192538897,19725.0,0.82,504.29,3500.0,246.53,27.03,73702.0,66355.0,EIN84T_1587,0.004748635587925923
357.0,8261.941204330504,15183.804545243373,6385.9606019302255,52.17905380214111,3.497281019699023,20951.0,0.82,501.83,3500.0,246.41,26.86,73675.0,65874.0,EIN84T_1587,0.0
378.0,3311.2335608800627,13022.320529804805,6759.812401326805,52.15966716933962,3.4246520713889796,22178.0,0.82,499.35,3500.0,246.41,26.65,73648.0,65300.0,EIN84T_1587,0.0
400.0,-1614.7869566789723,10871.614934269568,7133.664200626126,52.1403329996668,3.3524481005995113,23404.0,0.82,496.86,3500.0,246.41,26.41,73622.0,64634.0,EIN84T_1587,0.0
421.0,-6515.99601636441,8731.742051946172,7507.5159998231165,52.12105250018168,3.2806700468241874,24631.0,0.82,494.35,3500.0,246.41,26.13,73596.0,63880.0,EIN84T_1587,0.0
442.0,-11392.267384521858,6602.756995455744,7881.367798914139,52.10182690380191,3.209318879555958,25858.0,0.82,491.84,3500.0,246.41,25.81,73570.0,63039.0,EIN84T_1587,0.0
463.0,-16243.472881107857,4484.715727312834,8255.21959789753,52.08265746210095,3.1383955664119685,27084.0,0.82,489.31,3500.0,246.41,25.46,73544.0,62117.0,EIN84T_1587,0.0
484.0,-21069.482357689896,2377.6750695072096,8629.071395674893,52.06354542463956,3.0679010908852464,28311.0,0.8184,485.82,3500.0,246.41,25.09,73519.0,61149.0,EIN84T_1587,0.0
505.0,-25860.769470019695,285.79423275526113,9002.923193514811,52.04452936688094,2.9979735148320605,29537.0,0.8141,480.71,3500.0,246.41,24.7,73495.0,60150.0,EIN84T_1587,0.0
526.0,-30601.301800511712,-1783.9270139386342,9376.774991468714,52.02567408869295,2.928845270742019,30764.0,0.8071,474.04,3227.0,246.41,25.46,73469.0,62110.0,EIN84T_1587,0.0
547.0,-35278.4042882867,-3825.9547269410496,9721.457881188759,52.00703152493516,2.8606991215113027,31895.0,0.8004,467.79,2727.0,246.41,24.79,73444.0,60365.0,EIN84T_1587,0.0
568.0,-39898.280254341546,-5842.9972833492775,10012.73337466338,51.98857852946552,2.793442519385559,32850.0,0.7985,464.72,2227.0,246.41,24.18,73420.0,58819.0,EIN84T_1587,0.0
589.0,-44492.00333774065,-7848.621466622643,10250.601470341478,51.970192081654844,2.7266216197753153,33631.0,0.8016,464.92,1727.0,246.41,23.65,73397.0,57491.0,EIN84T_1587,0.0
610.0,-49091.6129032783,-9856.81569697844,10435.06216785335,51.95174425043892,2.6597700415085015,34236.0,0.8051,465.7,1227.0,246.41,23.23,73373.0,56450.0,EIN84T_1587,0.0
631.0,-53702.2245993819,-11869.813471897096,10566.115467232692,51.93321436620071,2.592813766638433,34666.0,0.7982,460.81,727.0,246.41,20.63,73353.0,50241.0,EIN84T_1587,0.0
652.0,-58267.2981198894,-13862.929236754186,10643.761368951087,51.914830142871395,2.52657329685234,34920.0,0.7909,456.04,227.0,246.41,17.17,73336.0,42326.0,EIN84T_1587,0.0
673.0,-62787.47859267048,-15836.444653704824,10667.999874910423,51.896590141127774,2.4610376887802885,35000.0,0.7873,453.82,0.0,246.41,15.54,73320.0,38696.0,EIN84T_1587,0.0
694.0,-67286.53290174734,-17800.736372376774,10667.999878799275,51.87839930761219,2.3958612199324976,35000.0,0.7873,453.81,0.0,246.41,15.54,73304.0,38689.0,EIN84T_1587,0.0
715.0,-71785.54813125856,-19765.01103463315,10667.999882648053,51.860172688950534,2.330738062463864,35000.0,0.7873,453.81,0.0,246.41,15.53,73289.0,38682.0,EIN84T_1587,0.0
736.0,-76284.52425011536,-21729.26862811064,10667.999886457359,51.841910338833266,2.265668242054289,35000.0,0.7873,453.8,0.0,246.41,15.53,73273.0,38675.0,EIN84T_1587,0.0
757.0,-80783.46122581714,-23693.509141736737,10667.999890227782,51.82361231094214,2.2006517839480044,35000.0,0.7873,453.8,0.0,246.41,15.53,73258.0,38668.0,EIN84T_1587,0.0
778.0,-85282.35902634087,-25657.73256325002,10667.999893959917,51.80527865897162,2.135688712924659,35000.0,0.7873,453.8,0.0,246.41,15.53,73242.0,38661.0,EIN84T_1587,0.0
799.0,-89781.21761968781,-27621.938880438913,10667.999897654317,51.78690943661719,2.0707790533059933,35000.0,0.7873,453.79,0.0,246.41,15.52,73227.0,38654.0,EIN84T_1587,0.0
820.0,-94280.03695731694,-29586.128066140012,10667.999901311545,51.7685046977123,2.0059228291927647,35000.0,0.7873,453.79,0.0,246.41,15.52,73211.0,38647.0,EIN84T_1587,0.0
0.0,92957.22567905605,30617.146373739975,30.480000003385477,52.31662000001557,4.746299999358375,100.0,0.5,330.63,3500.0,253.44,36.7,77963.0,107773.0,EIN84X_1515,0.08606137145598933
21.0,89561.61128180631,29607.488159478064,403.60854371525414,52.30810669795544,4.696083251283751,1324.0,0.5492,361.64,3500.0,258.44,35.66,77928.0,100002.0,EIN84X_1515,0.07934926641147681
42.0,85762.04495855264,28830.353543097946,776.737119936633,52.30172615428748,4.640005721511623,2548.0,0.5977,391.89,3500.0,263.44,34.44,77893.0,93022.0,EIN84X_1515,0.06975276598433316
63.0,81584.1799502984,28349.956748425768,1149.8656982581067,52.29804364548603,4.578454631468408,3773.0,0.6444,420.66,3500.0,268.44,33.11,77860.0,86842.0,EIN84X_1515,0.05816263305417161
84.0,77069.46090526992,28227.049543682322,1522.9942769110944,52.297591116745295,4.512043414544286,4997.0,0.6885,447.52,3500.0,273.44,31.74,77828.0,81419.0,EIN84X_1515,0.04467254560802299
105.0,72271.6011932426,28515.50538008332,1896.122855796457,52.3008377855389,4.441559117854124,6221.0,0.7297,472.25,3500.0,278.44,30.39,77798.0,76679.0,EIN84X_1515,0.033507871826408554
126.0,67252.95213833102,29260.226462218296,2269.251435022852,52.30817255014995,4.367909191080664,7445.0,0.768,494.83,3500.0,273.8,29.1,77769.0,72537.0,EIN84X_1515,0.024633308275953968
147.0,61947.27610269177,29612.338028799688,2642.3800146541253,52.311963643225816,4.289940163266977,8669.0,0.8034,515.35,3500.0,268.8,27.88,77741.0,68908.0,EIN84X_1515,0.018553913853892302
168.0,56409.72656855484,29496.045449856334,3015.5085946683735,52.3115153002022,4.208468054401225,9893.0,0.82,523.64,3500.0,263.8,27.14,77714.0,66793.0,EIN84X_1515,0.01358894338463102
189.0,50814.520925155266,28887.917457976666,3388.6371746209948,52.30659347850744,4.1260750345788635,11118.0,0.82,521.27,3500.0,259.16,27.2,77687.0,66981.0,EIN84X_1515,0.011551001546843458
210.0,45312.05597792084,27834.162628081132,3761.7657544319045,52.2975993828308,4.045004027389564,12342.0,0.82,518.89,3500.0,255.93,27.28,77659.0,67187.0,EIN84X_1515,0.00957959975687513
231.0,39902.6508115403,26478.718241699702,4134.894334092042,52.28583007782139,3.9652982771417014,13566.0,0.82,516.5,3500.0,253.62,27.32,77632.0,67295.0,EIN84X_1515,0.008297597966912273
252.0,34577.34402898244,24913.031320901493,4508.022913591764,52.27211122344789,3.886849277405557,14790.0,0.82,514.09,3500.0,251.62,27.32,77605.0,67307.0,EIN84X_1515,0.007352526128667508
273.0,29334.470157990174,23171.217425977946,4881.151492916057,52.25675216624669,3.8096446121618777,16014.0,0.82,511.68,3500.0,250.15,27.29,77577.0,67219.0,EIN84X_1515,0.006437251302186345
294.0,24162.72049303823,21304.128300727083,5254.280072051936,52.24021310747583,3.733529021486416,17238.0,0.82,509.25,3500.0,248.88,27.22,77550.0,67033.0,EIN84X_1515,0.005924849853388867
315.0,19058.00845897245,19332.756726357216,5627.408650987186,52.22268503473478,3.658448452258841,18463.0,0.82,506.82,3500.0,247.76,27.12,77523.0,66748.0,EIN84X_1515,0.005377503520394341
336.0,14017.594375176765,17271.20603782291,6000.537229710456,52.20429677431712,3.58436697802083,19687.0,0.82,504.37,3500.0,247.01,26.99,77496.0,66368.0,EIN84X_1515,0.004960264940227347
357.0,9028.755415894286,15154.929657770175,6373.665806852352,52.185369202833535,3.511101890801038,20911.0,0.82,501.91,3500.0,246.88,26.81,77469.0,65891.0,EIN84X_1515,0.0
378.0,4069.252033192001,13037.893836933881,6746.794381628615,52.16638928066958,3.4383292953286033,22135.0,0.82,499.43,3500.0,246.88,26.61,77443.0,65322.0,EIN84X_1515,0.0
399.0,-865.5766464395839,10931.39074209998,7119.922955846795,52.14745940495443,3.3659803896139944,23359.0,0.82,496.95,3500.0,246.88,26.36,77416.0,64661.0,EIN84X_1515,0.0
420.0,-5775.606656909749,8835.473347420457,7493.051529485264,52.12858076943478,3.2940561301351203,24584.0,0.82,494.45,3500.0,246.88,26.09,77390.0,63910.0,EIN84X_1515,0.0
441.0,-10660.712121189163,6750.195379277425,7866.180102533586,52.10975459132581,3.222557508200717,25808.0,0.82,491.94,3500.0,246.88,25.77,77364.0,63075.0,EIN84X_1515,0.0
462.0,-15520.765346400301,4675.611339711676,8239.308669654216,52.09098210956948,3.151485511954228,27032.0,0.8181,488.28,3500.0,246.88,25.44,77339.0,62203.0,EIN84X_1515,0.0
483.0,-20344.31117379474,2616.611023849281,8612.437237479946,52.072308455976504,3.0810065544287952,28256.0,0.8135,483.05,3417.0,246.88,25.1,77314.0,61298.0,EIN84X_1515,0.0
504.0,-25116.706361943532,579.4451062846963,8976.738381967347,52.053791529188466,3.011333024042166,29451.0,0.8075,476.98,2917.0,246.88,24.73,77289.0,60353.0,EIN84X_1515,0.0
525.0,-29833.739879069544,-1434.0888777280204,9287.735461695183,52.035449103694326,2.9425245036433694,30472.0,0.8052,473.56,2417.0,246.88,25.6,77264.0,62607.0,EIN84X_1515,0.0
546.0,-34521.2100691326,-3435.0033287957435,9545.428468902219,52.017182004319366,2.8742031769907626,31317.0,0.8065,472.59,1917.0,246.88,25.07,77239.0,61224.0,EIN84X_1515,0.0
567.0,-39202.98426490958,-5433.4863673905365,9749.817401659315,51.9988977246447,2.8060205773349485,31988.0,0.8096,473.02,1417.0,246.88,24.63,77214.0,60095.0,EIN84X_1515,0.0
588.0,-43892.48674902935,-7435.26834708445,9900.902259972034,51.98054386976963,2.7377812748160566,32483.0,0.8023,467.69,917.0,246.88,23.17,77191.0,56409.0,EIN84X_1515,0.0
609.0,-48532.09363203937,-9415.751681321688,9998.683045798094,51.96234655573871,2.6703230689440383,32804.0,0.7947,462.59,417.0,246.88,19.68,77171.0,48118.0,EIN84X_1515,0.0
630.0,-53123.58916534833,-11375.698007903204,10043.159767286772,51.94430006113041,2.603618317237498,32950.0,0.7878,458.29,0.0,246.88,16.61,77154.0,41145.0,EIN84X_1515,0.0
651.0,-57674.11631241903,-13318.156408559498,10043.159783781357,51.926377462343254,2.5375617187279356,32950.0,0.7878,458.29,0.0,246.88,16.61,77138.0,41138.0,EIN84X_1515,0.0
672.0,-62224.59846186786,-15260.59562912932,10043.15980006254,51.90841813408462,2.4715585367332342,32950.0,0.7878,458.29,0.0,246.88,16.6,77121.0,41131.0,EIN84X_1515,0.0
693.0,-66775.0355854041,-17203.015663056325,10043.15981613498,51.890422130826785,2.405608802109813,32950.0,0.7878,458.28,0.0,246.88,16.6,77105.0,41123.0,EIN84X_1515,0.0
714.0,-71325.42764543988,-19145.416500412346,10043.159832003399,51.872389507082175,2.33971254538028,32950.0,0.7878,458.28,0.0,246.88,16.6,77088.0,41116.0,EIN84X_1515,0.0
735.0,-75875.77460417902,-21087.798131883537,10043.159847672381,51.85432031736573,2.2738697965974137,32950.0,0.7878,458.27,0.0,246.88,16.59,77071.0,41109.0,EIN84X_1515,0.0
755.0,-80426.0764235851,-23030.160548962762,10043.159863146346,51.83621461619246,2.208080585342535,32950.0,0.7877,458.27,0.0,246.88,16.59,77055.0,41102.0,EIN84X_1515,0.0
776.0,-84976.33306541857,-24972.503744058773,10043.159878429584,51.818072458075704,2.1423449407240427,32950.0,0.7877,458.26,0.0,246.88,16.59,77038.0,41094.0,EIN84X_1515,0.0
797.0,-89526.54449137858,-26914.827710542733,10043.159893526215,51.799893897526104,2.076662891375172,32950.0,0.7877,458.26,0.0,246.88,16.58,77022.0,41087.0,EIN84X_1515,0.0
818.0,-94076.71056829311,-28857.132361588523,10043.159908440275,51.781678989796625,2.0110344668101257,32950.0,0.7877,458.25,0.0,246.88,16.58,77005.0,41080.0,EIN84X_1515,0.0
0.0,-75606.23115094514,-1944.0288653165517,30.480000008647302,52.31661639335322,4.74630024372209,100.0,0.5,330.63,3500.0,87.21,27.91,77972.0,107773.0,EJU42KM_1219,0.08606072229638954
16.0,-72914.41689841435,-1812.6717578569712,314.1951560358048,52.31816297309282,4.785868374497182,1031.0,0.5374,354.21,3500.0,92.21,27.32,77945.0,101799.0,EJU42KM_1219,0.08645971348889725
32.0,-70027.33467099332,-1923.8978643789953,597.9103193406701,52.3175400276573,4.828362688074666,1962.0,0.5744,377.41,3500.0,92.56,26.65,77918.0,96286.0,EJU42KM_1219,0.07800543477877847
48.0,-66950.26972570682,-2061.7333362313666,881.6254834148971,52.31668583709417,4.873655842197777,2892.0,0.6106,399.88,3500.0,87.56,25.91,77892.0,91247.0,EJU42KM_1219,0.06889213606135995
64.0,-63688.20963541406,-1923.0078994811852,1165.3406477547348,52.31832281140704,4.921615874039619,3823.0,0.6456,421.38,3500.0,82.56,25.14,77867.0,86666.0,EJU42KM_1219,0.06074959453958591
80.0,-60275.34870988508,-1477.6318448167494,1449.0558122274208,52.322714532063365,4.971742684822609,4754.0,0.679,441.75,3500.0,78.23,24.36,77843.0,82521.0,EJU42KM_1219,0.05371413003254511
96.0,-56741.96642422517,-741.5328093124594,1732.770976782677,52.329711890938746,5.023603436539501,5685.0,0.7108,460.91,3500.0,74.98,23.57,77819.0,78776.0,EJU42KM_1219,0.04732535363945073
112.0,-53104.015222207076,234.74263989796285,2016.4861413898575,52.33885653247798,5.076981375754233,6616.0,0.7409,478.83,3500.0,72.69,22.81,77796.0,75396.0,EJU42KM_1219,0.04106151652767514
128.0,-49367.28521573354,1398.973296886929,2300.201306033004,52.349676291828644,5.131807720302997,7547.0,0.7694,495.54,3500.0,71.52,22.08,77774.0,72341.0,EJU42KM_1219,0.0348051850553337
144.0,-45525.06381811536,2683.0153325223173,2583.9164707070863,52.361556935353434,5.188197942081736,8477.0,0.7962,511.08,3500.0,72.52,21.37,77753.0,69578.0,EJU42KM_1219,0.029431648584825703
160.0,-41539.29977081552,3938.1862570161475,2867.6316354140376,52.3731620679547,5.246736431933043,9408.0,0.82,524.58,3500.0,74.22,20.74,77732.0,67169.0,EJU42KM_1219,0.026940375159800814
176.0,-37411.51604863781,5104.9871646940865,3151.346800101621,52.383953352126845,5.307408067291613,10339.0,0.82,522.78,3500.0,76.66,20.64,77712.0,66800.0,EJU42KM_1219,0.02445110057865287
191.0,-33252.17404229578,6091.401247649751,3435.0619647518065,52.393093307353304,5.368592407577826,11270.0,0.82,520.97,3500.0,79.12,20.69,77691.0,67013.0,EJU42KM_1219,0.02207862032152351
207.0,-29068.96267991539,6895.76263895131,3718.777129365354,52.40056576427958,5.430169769544299,12201.0,0.82,519.16,3500.0,81.34,20.74,77670.0,67169.0,EJU42KM_1219,0.019621548183010554
223.0,-24872.408926518237,7534.751727531719,4002.4922939452595,52.40651965207913,5.491976992685134,13132.0,0.82,517.35,3500.0,83.33,20.76,77649.0,67268.0,EJU42KM_1219,0.017499089274012277
239.0,-20671.071174579465,8025.921246413297,4286.207458494386,52.4111121521798,5.553880569803475,14062.0,0.82,515.52,3500.0,85.18,20.77,77629.0,67312.0,EJU42KM_1219,0.015642822758134892
255.0,-16471.04386197339,8380.001684875122,4569.922623015218,52.41443943977799,5.615784459395163,14993.0,0.82,513.69,3500.0,86.93,20.77,77608.0,67299.0,EJU42KM_1219,0.014851045370942534
271.0,-12277.213834854556,8604.74178222886,4853.637787508417,52.41657109707389,5.677611040973888,15924.0,0.82,511.86,3500.0,88.5,20.75,77587.0,67228.0,EJU42KM_1219,0.014210566498992015
287.0,-8093.9309308936545,8714.188630951345,5137.352951973669,52.41763351265872,5.739290843293664,16855.0,0.82,510.02,3500.0,89.91,20.72,77566.0,67101.0,EJU42KM_1219,0.01361449421926116
303.0,-3924.4094223913294,8720.588352577583,5421.068116410927,52.41773702324982,5.800771880035112,17786.0,0.82,508.17,3500.0,91.29,20.67,77546.0,66917.0,EJU42KM_1219,0.013531025477933063
319.0,228.81698421017052,8626.90203635773,5704.783280819896,52.41690856055585,5.862012827456382,18716.0,0.82,506.31,3500.0,92.68,20.6,77525.0,66678.0,EJU42KM_1219,0.013555070275047059
335.0,4363.270371950963,8433.309484057265,5988.498445200008,52.41515012711961,5.922973314034677,19647.0,0.82,504.45,3500.0,93.91,20.52,77504.0,66382.0,EJU42KM_1219,0.0135569800747265
351.0,8477.319239780478,8152.4163072049305,6272.2136090657805,52.412575553701664,5.983625815295526,20578.0,0.82,502.58,3500.0,94.3,20.43,77484.0,66030.0,EJU42KM_1219,0.003141729184299414
367.0,12573.973708969552,7844.459581190297,6555.9287712841915,52.409726976266995,6.04401371739444,21509.0,0.82,500.7,3500.0,94.31,20.31,77464.0,65625.0,EJU42KM_1219,0.0
383.0,16655.167217626826,7537.2283927458075,6839.643933233146,52.406854653365556,6.104165888076735,22440.0,0.82,498.82,3500.0,94.31,20.19,77444.0,65165.0,EJU42KM_1219,0.0
399.0,20720.87402314852,7231.163108646149,7123.359095023459,52.40396290216417,6.164081970563738,23371.0,0.82,496.93,3500.0,94.31,20.04,77424.0,64653.0,EJU42KM_1219,0.0
415.0,24771.034913907686,6926.268181235676,7407.074256650324,52.401052119151906,6.223761103840962,24301.0,0.82,495.03,3500.0,94.31,19.89,77404.0,64091.0,EJU42KM_1219,0.0
431.0,28805.589993894282,6622.5481140148595,7690.789418110737,52.398122701199604,6.283202417916217,25232.0,0.82,493.12,3500.0,94.31,19.71,77384.0,63478.0,EJU42KM_1219,0.0
447.0,32824.47870999422,6320.007460439747,7974.504578467672,52.395175045833795,6.3424050346647665,26163.0,0.8195,490.92,3500.0,94.31,19.53,77364.0,62829.0,EJU42KM_1219,0.0
463.0,36825.229372991984,6018.83228391081,8258.219738957892,52.39221134581564,6.401332566201979,27094.0,0.8175,487.78,3410.0,94.31,19.34,77345.0,62168.0,EJU42KM_1219,0.0
479.0,40800.981422387,5719.53904083215,8534.654820116068,52.389237163661484,6.4598840145295835,28001.0,0.8148,484.31,2910.0,94.31,19.14,77326.0,61488.0,EJU42KM_1219,0.0
495.0,44751.97702395533,5422.109497016855,8770.559169184233,52.38625286784499,6.518063019527492,28775.0,0.8154,483.08,2410.0,94.31,18.94,77307.0,60809.0,EJU42KM_1219,0.0
511.0,48696.17101029124,5125.192015513955,8965.932783719865,52.38324524600473,6.5761339896147115,29416.0,0.8171,482.78,1910.0,94.31,18.76,77288.0,60203.0,EJU42KM_1219,0.0
527.0,52640.75476349896,4828.245228657673,9120.775663105613,52.38020889073334,6.634202750991537,29924.0,0.8091,476.97,1410.0,94.31,18.67,77270.0,59880.0,EJU42KM_1219,0.0
543.0,56540.326689490386,4534.686948276544,9235.08780732994,52.37717923759724,6.691601003647546,30299.0,0.801,471.45,910.0,94.31,17.98,77252.0,57610.0,EJU42KM_1219,0.0
558.0,60396.82441939571,4244.371306968166,9308.869217032221,52.37415572954671,6.748357464352496,30541.0,0.7924,465.88,410.0,94.31,15.34,77236.0,49261.0,EJU42KM_1219,0.0
574.0,64209.393270125576,3957.362641958785,9342.119894763424,52.37113996252611,6.80445974967373,30650.0,0.7844,460.93,0.0,94.31,13.03,77223.0,42327.0,EJU42KM_1219,0.0
590.0,67982.51655419373,3673.3234485860726,9342.11989978864,52.36812926773742,6.859974017671133,30650.0,0.7843,460.93,0.0,94.31,13.03,77210.0,42322.0,EJU42KM_1219,0.0
606.0,71755.59640422999,3389.287548134209,9342.119904720648,52.36509262083294,6.915480050123387,30650.0,0.7843,460.92,0.0,94.31,13.03,77197.0,42317.0,EJU42KM_1219,0.0
622.0,75528.63274054966,3105.2549584739527,9342.119909562623,52.36203002930315,6.970977782752203,30650.0,0.7843,460.92,0.0,94.31,13.02,77184.0,42312.0,EJU42KM_1219,0.0
0.0,-75979.5755906882,-1627.797184407911,30.480000009845952,52.31661637531998,4.746300219953051,100.0,0.5,330.63,3500.0,87.45,27.84,72220.0,107773.0,EJU5284_1390,0.08606071786934452
16.0,-73293.4380845462,-1507.9549380562687,313.5405819895604,52.318060478709775,4.785787175741418,1029.0,0.5449,359.19,3500.0,92.45,27.16,72193.0,100944.0,EJU5284_1390,0.0864354699740724
32.0,-70372.63955699139,-1632.6930522494183,596.6011646575965,52.31732236104928,4.828780295570888,1957.0,0.5891,387.07,3500.0,91.66,26.38,72167.0,94740.0,EJU5284_1390,0.0779286753449404
48.0,-67221.55611652891,-1724.0788694408989,879.6617475023437,52.31689688784244,4.875152820891693,2886.0,0.6318,413.77,3500.0,86.66,25.52,72141.0,89162.0,EJU5284_1390,0.06879083896616864
64.0,-63855.76222198276,-1527.723019509476,1162.7223304062354,52.319065821016025,4.924627966719819,3815.0,0.6725,438.96,3500.0,81.66,24.62,72117.0,84186.0,EJU5284_1390,0.060572549031969077
80.0,-60315.52866057182,-1008.8168458565536,1445.782913332611,52.324133857367904,4.976616122942276,4743.0,0.7108,462.43,3500.0,77.34,23.73,72093.0,79772.0,EJU5284_1390,0.05341961384497193
96.0,-56636.677582533535,-182.4038597870501,1728.843496268529,52.33195871509599,5.0306037851292125,5672.0,0.7466,484.13,3500.0,74.1,22.87,72070.0,75859.0,EJU5284_1390,0.046817172718425254
111.0,-52839.26950560901,898.9995583744538,2011.9040792034368,52.34206348124777,5.086315156815733,6601.0,0.7799,504.07,3500.0,71.86,22.04,72048.0,72390.0,EJU5284_1390,0.04026393769357597
127.0,-48931.80539068711,2179.068195378677,2294.964662136475,52.35393846820801,5.14364315461059,7529.0,0.8109,522.34,3500.0,70.78,21.25,72027.0,69308.0,EJU5284_1390,0.0336429591840133
143.0,-44907.9033656069,3581.904433054819,2578.025245071671,52.36689934612355,5.202700211020802,8458.0,0.82,526.4,3500.0,71.85,20.89,72006.0,67917.0,EJU5284_1390,0.028873472485881218
159.0,-40826.86194236024,4919.583370470772,2861.085827974879,52.37924914216647,5.262641638359251,9387.0,0.82,524.62,3500.0,74.12,20.69,71985.0,67185.0,EJU5284_1390,0.026308795992118217
175.0,-36710.13387528758,6090.406196525692,3144.1464108404994,52.39007052282952,5.323160816693705,10315.0,0.82,522.82,3500.0,76.76,20.59,71965.0,66795.0,EJU5284_1390,0.02379898937163622
191.0,-32558.33988185935,7067.583130709721,3427.206993667869,52.39912166329422,5.38424540635805,11244.0,0.82,521.02,3500.0,79.29,20.64,71944.0,67007.0,EJU5284_1390,0.021365203824447437
207.0,-28381.969927483748,7857.6427538070375,3710.267576458122,52.40645987098404,5.4457332611163345,12173.0,0.82,519.22,3500.0,81.58,20.69,71923.0,67164.0,EJU5284_1390,0.018994406773799242
223.0,-24191.98672880962,8477.556543165936,3993.3281592135236,52.41223667157795,5.507454608692982,13101.0,0.82,517.41,3500.0,83.63,20.71,71903.0,67266.0,EJU5284_1390,0.016947294586709766
239.0,-19997.3278049553,8945.617396427879,4276.388741935833,52.41661589424127,5.569270153136694,14030.0,0.82,515.59,3500.0,85.59,20.73,71882.0,67311.0,EJU5284_1390,0.015311464976401883
255.0,-15804.027730622276,9268.837330266026,4559.449324626359,52.41966028575345,5.631084775925132,14959.0,0.82,513.76,3500.0,87.4,20.72,71861.0,67300.0,EJU5284_1390,0.014638742301361102
271.0,-11617.614889396707,9459.038259009933,4842.50990728464,52.421476052771276,5.692810974900442,15887.0,0.82,511.93,3500.0,89.01,20.71,71840.0,67232.0,EJU5284_1390,0.014022548443535687
287.0,-7442.571640266523,9531.391594866927,5125.5704899098255,52.42219971476033,5.754377189163231,16816.0,0.82,510.09,3500.0,90.47,20.67,71820.0,67108.0,EJU5284_1390,0.013468645605297336
302.0,-3282.155564553931,9497.457420385841,5408.631072501263,52.421935461329745,5.815730733079165,17745.0,0.82,508.25,3500.0,91.91,20.62,71799.0,66927.0,EJU5284_1390,0.013518898315805588
318.0,860.920110370929,9359.147032099045,5691.691655057804,52.42070080775522,5.876827524557019,18674.0,0.82,506.4,3500.0,93.36,20.56,71779.0,66689.0,EJU5284_1390,0.013543795300125066
334.0,4983.980391009064,9117.130233916261,5974.752237578316,52.41850219513019,5.9376241481464245,19602.0,0.82,504.54,3500.0,94.66,20.48,71758.0,66397.0,EJU5284_1390,0.013548674896001528
350.0,9085.262362886977,8782.9494996463,6257.812819655713,52.41544392553395,5.998091017894864,20531.0,0.82,502.67,3500.0,95.11,20.38,71738.0,66050.0,EJU5284_1390,0.003706318824565182
366.0,13168.516443290357,8417.957811935263,6540.873400446011,52.41207817867957,6.058282434447892,21460.0,0.82,500.8,3500.0,95.12,20.27,71717.0,65647.0,EJU5284_1390,0.0
382.0,17236.38241751576,8053.757739777908,6823.933981004567,52.408689497792764,6.1182378034677045,22388.0,0.82,498.92,3500.0,95.12,20.15,71697.0,65193.0,EJU5284_1390,0.0
398.0,21288.85428082567,7690.936011411612,7106.994561407322,52.40528351394404,6.177957080689964,23317.0,0.82,497.04,3500.0,95.12,20.01,71677.0,64684.0,EJU5284_1390,0.0
414.0,25325.873336856574,7329.497873201588,7390.055141646702,52.40186062880908,6.23743942958138,24246.0,0.82,495.14,3500.0,95.12,19.85,71657.0,64126.0,EJU5284_1390,0.0
430.0,29347.380212697713,6969.4486321190125,7673.115721716061,52.39842124449192,6.296684004787372,25174.0,0.82,493.24,3500.0,95.12,19.68,71638.0,63518.0,EJU5284_1390,0.0
446.0,33353.31484587101,6610.793657863169,7956.176301610067,52.39496576382538,6.355689952336485,26103.0,0.82,491.33,3500.0,95.12,19.49,71618.0,62861.0,EJU5284_1390,0.0
462.0,37343.61647086182,6253.53838395037,8239.236881325134,52.39149459049192,6.414456409648066,27032.0,0.82,489.42,3500.0,95.12,19.29,71599.0,62157.0,EJU5284_1390,0.0
478.0,41318.22360521174,5897.6883088024,8522.297460860029,52.38800812908336,6.4729825054319585,27960.0,0.82,487.5,3500.0,95.12,19.07,71580.0,61409.0,EJU5284_1390,0.0
494.0,45277.07406492283,5543.248994242386,8805.358035647354,52.38450678511149,6.531267359968695,28889.0,0.8186,484.72,3000.0,95.12,18.85,71561.0,60646.0,EJU5284_1390,0.0
509.0,49216.99314037157,5190.504669693536,9047.981398255284,52.380993750892785,6.5892642817000935,29685.0,0.82,483.9,2500.0,95.12,18.63,71542.0,59906.0,EJU5284_1390,0.0
525.0,53153.594749831216,4838.057403228013,9250.167538772177,52.37745535292999,6.6472031188876874,30348.0,0.8132,478.53,2000.0,95.12,19.44,71523.0,62688.0,EJU5284_1390,0.0
541.0,57049.30837955867,4489.270910263566,9411.916456047566,52.37392584463053,6.704530994399914,30879.0,0.8058,473.05,1500.0,95.12,19.23,71504.0,61943.0,EJU5284_1390,0.0
557.0,60902.95696426901,4144.250570166655,9533.228149852639,52.37040718541213,6.761230810288369,31277.0,0.798,467.65,1000.0,95.12,17.18,71487.0,55128.0,EJU5284_1390,0.0
573.0,64714.72228558244,3802.980103975381,9614.102620469806,52.366900102898065,6.817305469274742,31542.0,0.7892,461.97,500.0,95.12,14.66,71472.0,47308.0,EJU5284_1390,0.0
589.0,68481.86694810215,3465.704589417109,9654.539868969694,52.36340802564012,6.872714939911339,31675.0,0.7784,455.38,0.0,95.12,11.99,71460.0,39361.0,EJU5284_1390,0.0
605.0,72196.55634745391,3133.125461798745,9654.53989969317,52.35993922361927,6.9273442619733805,31675.0,0.7784,455.37,0.0,95.12,11.99,71448.0,39356.0,EJU5284_1390,0.0
621.0,75911.1866452589,2800.55166417608,9654.539906069633,52.35644531250581,6.981964110905256,31675.0,0.7784,455.36,-0.0,95.12,11.99,71436.0,39351.0,EJU5284_1390,0.0
0.0,-76397.47909898568,68997.80070516137,30.480000090561635,52.316616302474166,4.746294707354395,100.0,0.5,330.63,3500.0,130.56,37.7,63568.0,107773.0,EZS39RG_1538,0.08606044395979134
22.0,-73633.23455552543,66631.54739458676,413.7599089030084,52.29571577372657,4.787475265687255,1357.0,0.5798,381.71,3500.0,135.56,36.06,63532.0,96603.0,EZS39RG_1538,0.08009948373979286
43.0,-70688.18100117779,63627.90980943976,797.0398177258796,52.2690927401122,4.831408145305745,2615.0,0.6556,429.72,3500.0,138.69,34.1,63498.0,87210.0,EZS39RG_1538,0.06533094013256442
65.0,-67559.53318929455,60067.67680814487,1180.3197265471365,52.23747091476768,4.87809607137228,3872.0,0.7245,472.79,3500.0,135.53,32.06,63466.0,79518.0,EZS39RG_1538,0.052734846915168686
86.0,-63904.61148877091,56344.3012802935,1563.5996353644296,52.204424834381115,4.932470665310117,5130.0,0.7854,510.26,3500.0,131.47,30.14,63436.0,73290.0,EZS39RG_1538,0.04405758662614565
108.0,-59684.01750155766,52613.79087972146,1946.8795441777631,52.17135103386458,4.995059748469868,6387.0,0.82,530.37,3500.0,128.3,28.88,63407.0,69587.0,EZS39RG_1538,0.039260310548360156
129.0,-55088.52419574296,48984.37575881647,2330.1594529851104,52.1391907491453,5.06303224789483,7645.0,0.82,527.97,3500.0,126.61,28.52,63379.0,68566.0,EZS39RG_1538,0.03797056097086625
151.0,-50409.475030565096,45508.04411003203,2713.439361783489,52.108375710667524,5.132107262485722,8902.0,0.82,525.55,3500.0,125.37,28.16,63350.0,67566.0,EZS39RG_1538,0.03699066148164415
172.0,-45678.07819892816,42149.556817486286,3096.719270571818,52.07858445828013,5.201836950941732,10160.0,0.82,523.12,3500.0,126.99,27.86,63323.0,66754.0,EZS39RG_1538,0.034609692044490194
194.0,-41065.041209669485,38674.990264000546,3479.999179349468,52.04769950947318,5.269756859060933,11417.0,0.82,520.69,3500.0,129.6,27.97,63295.0,67040.0,EZS39RG_1538,0.0303082192479001
216.0,-36636.18948315079,35010.95347370418,3863.279088116871,52.015059566826615,5.33491188851013,12675.0,0.82,518.24,3500.0,132.21,28.03,63267.0,67226.0,EZS39RG_1538,0.026514803455281122
237.0,-32398.80190730163,31167.56823865067,4246.558996874735,51.9807597295008,5.397193273901288,13932.0,0.82,515.78,3500.0,132.79,28.06,63239.0,67309.0,EZS39RG_1538,0.024160748195278164
259.0,-28220.468932862463,27300.299497133376,4629.838905623224,51.946209315347296,5.4585196978954675,15190.0,0.82,513.31,3500.0,132.72,28.06,63210.0,67288.0,EZS39RG_1538,0.023194762618371945
280.0,-24058.12391119782,23456.305684760046,5013.118814361714,51.91183571534811,5.519516958922644,16447.0,0.82,510.82,3500.0,132.7,28.01,63182.0,67164.0,EZS39RG_1538,0.022225582407124234
302.0,-19914.852834790923,19632.448999147047,5396.398723089646,51.877611052107355,5.580141847196644,17705.0,0.82,508.33,3500.0,132.31,27.93,63155.0,66936.0,EZS39RG_1538,0.021333910972680923
323.0,-15765.92393564048,15855.924813241918,5779.678631806577,51.84378111475674,5.6407546628162555,18962.0,0.82,505.82,3500.0,131.82,27.81,63127.0,66605.0,EZS39RG_1538,0.020711168150574027
345.0,-11605.933758815652,12133.372120068552,6162.958540505735,51.81040568384467,5.701435486011266,20220.0,0.82,503.3,3500.0,131.58,27.65,63099.0,66172.0,EZS39RG_1538,0.01091417926090427
366.0,-7451.35567597867,8446.968894870206,6546.2384490089935,51.777324101702824,5.761947024758419,21477.0,0.82,500.77,3500.0,131.58,27.45,63072.0,65639.0,EZS39RG_1538,0.0
388.0,-3317.510705134164,4779.737696586666,6929.51835745351,51.74438380058564,5.822068546277723,22735.0,0.82,498.22,3500.0,131.58,27.21,63044.0,65009.0,EZS39RG_1538,0.0
410.0,795.1058630373245,1131.3387142780944,7312.798265855958,51.711582254333464,5.881794363150289,23992.0,0.82,495.66,3500.0,131.58,26.94,63017.0,64284.0,EZS39RG_1538,0.0
431.0,4886.383891474179,-2498.1303470416774,7696.0781742111885,51.67892082127158,5.94112424938727,25250.0,0.82,493.09,3500.0,131.58,26.63,62991.0,63466.0,EZS39RG_1538,0.0
453.0,8956.211511061809,-6108.570245667386,8079.35808251374,51.64640102556206,6.000058158006693,26507.0,0.82,490.5,3500.0,131.58,26.28,62965.0,62561.0,EZS39RG_1538,0.0
474.0,13004.475074682332,-9699.880162584886,8462.637990757974,51.61402431998144,6.058595955896603,27765.0,0.82,487.9,3500.0,131.58,25.89,62939.0,61570.0,EZS39RG_1538,0.0
496.0,17031.05910962253,-13271.95765925134,8845.91789893837,51.5817921693237,6.116737454190236,29022.0,0.82,485.29,3469.0,131.58,25.47,62913.0,60500.0,EZS39RG_1538,0.0
517.0,21036.11878851123,-16824.940392977784,9225.846714622587,51.549703867519874,6.174486360818977,30269.0,0.82,482.68,2969.0,131.58,26.34,62887.0,62713.0,EZS39RG_1538,0.0
539.0,25023.71280506396,-20362.428926534372,9551.021258462568,51.5177273831499,6.231902525658476,31335.0,0.82,480.44,2469.0,131.58,25.67,62861.0,61014.0,EZS39RG_1538,0.0
560.0,28996.483706358573,-23886.767525717554,9821.441530124766,51.485841937559265,6.28902511305491,32223.0,0.8142,475.19,1969.0,131.58,25.13,62836.0,59656.0,EZS39RG_1538,0.0
582.0,32929.14289682346,-27375.52208194037,10037.107529532046,51.454251141118675,6.345492297330353,32930.0,0.8081,470.15,1469.0,131.58,23.46,62813.0,55614.0,EZS39RG_1538,0.0
604.0,36823.0034069874,-30829.857415565926,10198.019256703017,51.42294533078678,6.401325415059739,33458.0,0.8016,465.29,969.0,131.58,20.45,62792.0,48632.0,EZS39RG_1538,0.0
625.0,40679.20045051213,-34250.78060138967,10304.176711761713,51.39191622688017,6.456543124128911,33806.0,0.7945,460.41,469.0,131.58,17.3,62775.0,41668.0,EZS39RG_1538,0.0
647.0,44497.04908036163,-37637.684006773976,10355.579895167277,51.36117017183857,6.511137954383037,33975.0,0.7866,455.49,0.0,131.58,14.27,62761.0,35106.0,EZS39RG_1538,0.0
668.0,48275.76251427654,-40989.869658689364,10355.57989587337,51.330714335915765,6.565101005863011,33975.0,0.7866,455.49,0.0,131.58,14.27,62746.0,35101.0,EZS39RG_1538,0.0
690.0,52054.42298163166,-44342.00832298735,10355.57989654217,51.30023417005105,6.618991640024517,33975.0,0.7865,455.48,0.0,131.58,14.27,62732.0,35095.0,EZS39RG_1538,0.0
711.0,55833.03043049691,-47694.09995364245,10355.579897176554,51.26972973552142,6.672809974271024,33975.0,0.7865,455.47,0.0,131.58,14.26,62718.0,35089.0,EZS39RG_1538,0.0
733.0,59611.58480852464,-51046.14450426043,10355.579897779078,51.23920109346531,6.726556126013847,33975.0,0.7865,455.47,0.0,131.58,14.26,62704.0,35084.0,EZS39RG_1538,0.0
754.0,63390.08606328758,-54398.14192838397,10355.57989835201,51.20864830487991,6.7802302126752005,33975.0,0.7865,455.46,0.0,131.58,14.26,62689.0,35078.0,EZS39RG_1538,0.0
776.0,67168.5341422798,-57750.09217949564,10355.579898897395,51.178071430621415,6.833832351686425,33975.0,0.7865,455.45,0.0,131.58,14.26,62675.0,35073.0,EZS39RG_1538,0.0
798.0,70946.92899291884,-61101.99521102221,10355.579899417075,51.14747053140502,6.887362660486232,33975.0,0.7865,455.45,0.0,131.58,14.25,62661.0,35067.0,EZS39RG_1538,0.0
819.0,74725.27056255173,-64453.85097634109,10355.579899912706,51.11684566780513,6.940821256519011,33975.0,0.7865,455.44,0.0,131.58,14.25,62647.0,35062.0,EZS39RG_1538,0.0
841.0,78503.55879528473,-67805.6594256673,10355.5799003858,51.08619690028398,6.994208257188357,33975.0,0.7865,455.43,0.0,131.58,14.25,62632.0,35056.0,EZS39RG_1538,0.0
0.0,92610.16322964747,-39505.26369861936,30.48000030184879,52.316620000913055,4.746299998557124,100.0,0.5,330.63,3500.0,294.81,36.81,66621.0,107773.0,EZY84JU_960,0.08606137158045309
21.0,89384.6437744892,-38014.15944453388,404.7652864010323,52.33056534805192,4.699254643232185,1328.0,0.5709,375.89,3500.0,289.81,35.39,66585.0,97609.0,EZY84JU_960,0.08238834849315446
42.0,85579.11765694743,-36643.31149304149,779.0505725014683,52.343502096899954,4.643611867905311,2556.0,0.639,418.93,3500.0,286.55,33.68,66551.0,88888.0,EZY84JU_960,0.07279838458698845
63.0,81253.92278440682,-35358.17185751721,1153.3358586019258,52.355719768737195,4.580264651858275,3784.0,0.702,458.26,3500.0,290.29,31.88,66520.0,81574.0,EZY84JU_960,0.058456593549753355
84.0,76621.77549874988,-33645.15199805838,1527.6211447020657,52.3717942504712,4.5124604462301585,5012.0,0.7588,493.23,3500.0,293.31,30.13,66489.0,75509.0,EZY84JU_960,0.039864292427703577
105.0,71737.4579168935,-31540.457837616243,1901.9064308019938,52.391385142707456,4.440975981398599,6240.0,0.8094,523.78,3500.0,295.93,28.51,66461.0,70492.0,EZY84JU_960,0.023602814606518446
126.0,66657.99196628199,-29070.095930932137,2276.1917169019753,52.41424499172594,4.366624657059359,7468.0,0.82,528.3,3500.0,295.72,27.9,66433.0,68709.0,EZY84JU_960,0.015041386416288499
147.0,61525.95913129705,-26598.142386532276,2650.4770030018303,52.43707843464422,4.291421200962822,8696.0,0.82,525.95,3500.0,295.76,27.55,66405.0,67728.0,EZY84JU_960,0.011654706731308542
168.0,56418.903923721125,-24133.40911371484,3024.7622891015253,52.459796617783795,4.216507260098336,9924.0,0.82,523.58,3500.0,295.71,27.21,66378.0,66769.0,EZY84JU_960,0.008865887753440575
189.0,51332.62466221275,-21684.876041453354,3399.0475752010534,52.482319793824324,4.14182032982414,11152.0,0.82,521.2,3500.0,295.28,27.29,66351.0,66989.0,EZY84JU_960,0.0075627215101587274
211.0,46251.67980770931,-19285.25600528863,3773.3328613003964,52.50435558879083,4.067128938885483,12380.0,0.82,518.82,3500.0,295.0,27.36,66324.0,67191.0,EZY84JU_960,0.006495883359504215
232.0,41182.50876835742,-16921.71604179638,4147.6181473995275,52.52601896651273,3.992532244178813,13608.0,0.82,516.42,3500.0,294.66,27.4,66296.0,67297.0,EZY84JU_960,0.005637437454566324
253.0,36123.18485924742,-14599.066291767482,4521.90343349843,52.54726703281744,3.9180031612924,14836.0,0.82,514.0,3500.0,294.34,27.4,66269.0,67305.0,EZY84JU_960,0.005028881969542433
274.0,31074.851624141145,-12315.551112483729,4896.188719597073,52.568115693006185,3.8435608880913894,16064.0,0.82,511.58,3500.0,294.08,27.37,66241.0,67213.0,EZY84JU_960,0.004480512089496953
295.0,26040.247257410985,-10065.767704350852,5270.474005695423,52.58861362059546,3.7692484423622012,17292.0,0.82,509.15,3500.0,293.89,27.3,66214.0,67022.0,EZY84JU_960,0.00407042099564071
316.0,21022.505468587453,-7843.223895225255,5644.759291793457,52.60881937584594,3.6951145157096374,18520.0,0.82,506.7,3500.0,293.76,27.2,66187.0,66733.0,EZY84JU_960,0.003730879385777546
337.0,16024.250657562397,-5642.416129257992,6019.044577891146,52.62878276224088,3.6211998939716543,19748.0,0.82,504.25,3500.0,293.66,27.06,66160.0,66346.0,EZY84JU_960,0.003233515259654915
358.0,11046.322283388694,-3461.818237189915,6393.329863987703,52.6485179489269,3.5475185034382983,20975.0,0.82,501.78,3500.0,293.64,26.89,66133.0,65864.0,EZY84JU_960,0.0
379.0,6092.3866316584545,-1293.4135297311848,6767.615150083225,52.66809747532143,3.4741262364809513,22203.0,0.82,499.3,3500.0,293.64,26.68,66106.0,65287.0,EZY84JU_960,0.0
400.0,1163.1879082976907,864.1635760224823,7141.900436178113,52.6875342060473,3.4010352053845887,23431.0,0.82,496.8,3500.0,293.64,26.43,66080.0,64619.0,EZY84JU_960,0.0
421.0,-3741.1491285846782,3010.8584726510976,7516.185722272307,52.70682816541639,3.3282482193835428,24659.0,0.82,494.3,3500.0,293.64,26.15,66054.0,63861.0,EZY84JU_960,0.0
442.0,-8620.497814172963,5146.615718153388,7890.471008365755,52.72597953028273,3.255768279967312,25887.0,0.82,491.78,3500.0,293.64,25.83,66028.0,63018.0,EZY84JU_960,0.0
463.0,-13474.729527875505,7271.379014481423,8264.7562944584,52.74498843179199,3.183598315332786,27115.0,0.82,489.25,3082.0,293.64,25.48,66002.0,62092.0,EZY84JU_960,0.0
484.0,-18307.93720722018,9386.93952811332,8594.313361754646,52.763871451015994,3.111678417512154,28197.0,0.8185,486.11,2582.0,293.64,25.16,65977.0,61243.0,EZY84JU_960,0.0
505.0,-23114.53675259624,11490.868699832046,8870.401102480915,52.78260748758383,3.0400926468130414,29102.0,0.8113,479.95,2082.0,293.64,24.91,65952.0,60599.0,EZY84JU_960,0.0
526.0,-27864.121135286787,13569.841705918032,9093.019516630799,52.801078935117424,2.969295513598316,29833.0,0.8039,474.09,1582.0,293.64,24.7,65928.0,60060.0,EZY84JU_960,0.0
547.0,-32559.230142280172,15624.9711885715,9262.168604202918,52.819297099003315,2.899251322782469,30388.0,0.7958,468.19,1082.0,293.64,22.21,65905.0,53913.0,EZY84JU_960,0.0
568.0,-37198.995366993775,17655.878477387527,9377.848365197671,52.83726000727089,2.8299751338250645,30767.0,0.7861,461.72,582.0,293.64,19.01,65886.0,46449.0,EZY84JU_960,0.0
589.0,-41777.2430337586,19659.864173350335,9440.058799617454,52.85494524799149,2.761561333727819,30971.0,0.7727,453.47,82.0,293.64,15.62,65871.0,38840.0,EZY84JU_960,0.0
610.0,-46275.70731099456,21628.941700382067,9448.799907471062,52.87228410162868,2.694285490733792,31000.0,0.7699,451.73,-0.0,293.64,15.04,65856.0,37546.0,EZY84JU_960,0.0
632.0,-50757.23769186775,23590.60229234011,9448.799907279314,52.8895198171446,2.6272094585139483,31000.0,0.7698,451.71,-0.0,293.64,15.04,65841.0,37540.0,EZY84JU_960,0.0
653.0,-55238.59131124949,25552.185566565513,9448.799907086648,52.906717046275396,2.560082775884957,31000.0,0.7698,451.7,-0.0,293.64,15.03,65826.0,37534.0,EZY84JU_960,0.0
674.0,-59719.7678439708,27513.691380898494,9448.799906893144,52.92387573862537,2.4929054957061845,31000.0,0.7698,451.68,-0.0,293.64,15.03,65811.0,37527.0,EZY84JU_960,0.0
695.0,-64200.76696383512,29475.119592730585,9448.79990669888,52.94099584383778,2.425677671384053,31000.0,0.7697,451.66,-0.0,293.64,15.03,65796.0,37521.0,EZY84JU_960,0.0
716.0,-68681.58834362408,31436.47005900741,9448.799906503917,52.958077311595744,2.3583993568729693,31000.0,0.7697,451.64,-0.0,293.64,15.03,65781.0,37514.0,EZY84JU_960,0.0
737.0,-73162.23165509301,33397.74263622672,9448.79990630832,52.97512009162274,2.2910706066764326,31000.0,0.7697,451.62,-0.0,293.64,15.02,65766.0,37508.0,EZY84JU_960,0.0
758.0,-77642.6965689666,35358.937180436784,9448.799906112128,52.99212413368333,2.223691475848157,31000.0,0.7697,451.61,-0.0,293.64,15.02,65751.0,37502.0,EZY84JU_960,0.0
779.0,-82122.98275493445,37320.05354723443,9448.799905915397,53.00908938758381,2.1562620199931923,31000.0,0.7696,451.59,-0.0,293.64,15.02,65736.0,37495.0,EZY84JU_960,0.0
800.0,-86603.08988164678,39281.09159176323,9448.799905718155,53.02601580317297,2.0887822952690533,31000.0,0.7696,451.57,-0.0,293.64,15.01,65721.0,37489.0,EZY84JU_960,0.0
821.0,-91083.01761654424,41242.05116883512,9448.799905520447,53.04290333034367,2.0212523583892827,31000.0,0.7696,451.55,-0.0,293.64,15.01,65706.0,37482.0,EZY84JU_960,0.0
0.0,-38736.19827220256,100195.0350900367,30.480000000000697,52.316618113917954,4.746292201273332,100.0,0.5,330.6,3500.0,158.0,39.73,57259.0,103434.0,ITY113_1804,0.08606065732856297
23.0,-37278.43795283022,96587.0876775742,440.4155066183411,52.28427260066195,4.768136930975966,1445.0,0.5998,394.79,3500.0,160.87,38.12,57221.0,94345.0,ITY113_1804,0.07674396512372067
46.0,-35753.832579708214,92189.48715383443,850.3488057927941,52.24482609357945,4.791015451113882,2790.0,0.6931,454.04,3500.0,158.62,35.47,57185.0,83488.0,ITY113_1804,0.06217358046262305
69.0,-33801.91340930357,87198.42699570507,1260.280305550587,52.2000644748047,4.820183083794064,4135.0,0.709,462.29,3500.0,155.59,34.62,57151.0,80574.0,ITY113_1804,0.04750807550716972
92.0,-31543.694968504613,82226.57042849543,1670.2082617910003,52.15548590036208,4.853779849951418,5480.0,0.7264,471.38,3500.0,154.55,33.72,57117.0,77691.0,ITY113_1804,0.03982682747122455
115.0,-29147.477708635735,77198.62452321936,2080.133690852494,52.110400665186575,4.889334966095597,6825.0,0.7494,483.95,3499.0,155.89,32.67,57084.0,74531.0,ITY113_1804,0.038085807712094036
138.0,-26808.302008194863,71980.87802792418,2490.05682404332,52.06359513301255,4.923998814018212,8169.0,0.7721,496.16,3499.0,157.93,31.63,57053.0,71588.0,ITY113_1804,0.035778733703898176
161.0,-24603.251505236418,66549.81054142336,2899.9778465226805,52.01485513203576,4.956645587414999,9514.0,0.7894,504.83,3499.0,160.34,30.74,57022.0,69193.0,ITY113_1804,0.03321698723896557
184.0,-22596.42470343767,60935.29150942592,3309.896579952896,51.96444832434085,4.986340156560918,10859.0,0.7993,508.63,3499.0,161.5,30.39,56991.0,68280.0,ITY113_1804,0.030759372160713987
208.0,-20690.41726091422,55240.49047736329,3719.812715927704,51.91330834591367,5.014502981173978,12204.0,0.8058,510.18,3499.0,159.72,30.3,56961.0,68045.0,ITY113_1804,0.028956217353618877
231.0,-18602.814970333246,49590.49304860484,4129.726327778924,51.862570662441826,5.045243739687446,13549.0,0.8093,509.79,3499.0,158.35,30.25,56931.0,67917.0,ITY113_1804,0.026979441225249586
254.0,-16383.011334527306,43996.4323812895,4539.637231856897,51.81233192256791,5.0778355923596665,14894.0,0.811,508.28,3499.0,157.77,30.21,56901.0,67790.0,ITY113_1804,0.024907309887950896
277.0,-14113.288926465857,38442.0234243757,4949.545293959778,51.762442051157684,5.11107857513716,16239.0,0.8128,506.76,3499.0,158.15,30.12,56871.0,67557.0,ITY113_1804,0.02280812301936454
300.0,-11886.938213928826,32889.740708231184,5359.450540180916,51.7125610308142,5.143618593054925,17583.0,0.8149,505.4,3499.0,158.92,29.98,56841.0,67204.0,ITY113_1804,0.021726575728020128
323.0,-9740.976963053365,27323.55664024185,5769.352983575488,51.662544638065235,5.174921794893233,18928.0,0.8161,503.47,3499.0,159.28,29.82,56811.0,66786.0,ITY113_1804,0.020943939265414876
346.0,-7638.497802954356,21765.238358424656,6179.251295926426,51.61259009347987,5.205526069348422,20273.0,0.8121,498.34,3499.0,158.7,29.69,56781.0,66469.0,ITY113_1804,0.010244078078165639
369.0,-5501.201736112331,16285.448151606099,6589.0831921613,51.563334171564335,5.236565497865476,21618.0,0.8119,495.51,3498.0,158.56,29.45,56752.0,65873.0,ITY113_1804,0.0
392.0,-3363.6837556233604,10841.970077877882,6998.834339977556,51.51439664492974,5.26754061322556,22962.0,0.8128,493.4,3498.0,158.55,29.16,56722.0,65124.0,ITY113_1804,0.0
415.0,-1234.0532934649511,5422.509603039188,7408.564876257462,51.465666957957644,5.298335299976001,24306.0,0.8138,491.29,3498.0,158.55,28.81,56694.0,64274.0,ITY113_1804,0.0
438.0,886.478941497398,26.533377968472507,7818.272010621693,51.41714042341628,5.328933136236022,25650.0,0.8148,489.13,3497.0,158.55,28.42,56665.0,63328.0,ITY113_1804,0.0
461.0,2997.6428406519594,-5345.404617197265,8227.952538998508,51.368822130751845,5.359331141890844,26995.0,0.8156,486.89,3497.0,158.55,27.99,56637.0,62290.0,ITY113_1804,0.0
484.0,5099.153541400444,-10692.36495610092,8637.602815596516,51.320720712109726,5.389526504880582,28339.0,0.8162,484.48,3497.0,158.55,27.52,56610.0,61170.0,ITY113_1804,0.0
507.0,7190.367634076266,-16012.486514846409,9047.19574969565,51.272853045198836,5.4195111354112155,29682.0,0.8125,479.46,3009.0,158.54,27.04,56583.0,60046.0,ITY113_1804,0.0
530.0,9262.189784842081,-21282.66780453319,9399.716835795954,51.22542717681629,5.449156187463051,30839.0,0.8073,474.03,2509.0,158.54,27.87,56555.0,61986.0,ITY113_1804,0.0
553.0,11312.83450950536,-26498.13384007335,9693.788496511255,51.17848632315512,5.478438146411504,31804.0,0.8014,468.55,2011.0,158.53,26.55,56528.0,58906.0,ITY113_1804,0.0
576.0,13341.984399633116,-31657.74902510908,9929.54726288451,51.13204095776626,5.507354581667329,32577.0,0.7946,462.99,1514.0,158.53,23.59,56505.0,52314.0,ITY113_1804,0.0
600.0,15349.159077641665,-36760.061915738406,10106.995280117984,51.08610439932391,5.535900752704442,33159.0,0.7863,456.99,1016.0,158.52,20.5,56484.0,45762.0,ITY113_1804,0.0
623.0,17332.276538608035,-41799.609601571,10226.166925151592,51.0407260932855,5.56404922950513,33550.0,0.7752,449.79,519.0,158.51,17.29,56467.0,39187.0,ITY113_1804,0.0
646.0,19285.981262023157,-46762.73609364864,10287.17212595859,50.99602930084419,5.591726443029561,33751.0,0.7587,439.8,27.0,158.5,13.96,56453.0,32479.0,ITY113_1804,0.0
669.0,21197.836467188095,-51618.11369957187,10290.474233677118,50.95229653515828,5.618759310794522,33761.0,0.755,437.61,4.0,158.49,13.75,56439.0,32053.0,ITY113_1804,0.0
692.0,23101.19187345642,-56448.93645878367,10291.010300268883,50.908778709709125,5.645621697304543,33763.0,0.7548,437.54,4.0,158.48,13.75,56425.0,32043.0,ITY113_1804,0.0
715.0,25005.24120754793,-61278.52979043415,10291.531018644926,50.86526575943624,5.672443877247429,33765.0,0.7548,437.52,4.0,158.47,13.74,56412.0,32036.0,ITY113_1804,0.0
738.0,26910.381706184744,-66107.53399760583,10292.021115766376,50.82175192155235,5.699231613247594,33766.0,0.7548,437.52,4.0,158.45,13.74,56398.0,32031.0,ITY113_1804,0.0
761.0,28816.786156295308,-70935.96666293935,10292.483857457206,50.778237039480665,5.725987490235384,33768.0,0.7548,437.51,4.0,158.43,13.74,56384.0,32025.0,ITY113_1804,0.0
784.0,30724.641153061097,-75763.82495294616,10292.92207789,50.73472113720772,5.752714280965617,33769.0,0.7548,437.52,3.0,158.41,13.73,56370.0,32007.0,ITY113_1804,0.0
807.0,32634.15994077616,-80591.1055560041,10293.338200373964,50.69120423903537,5.7794151261736655,33771.0,0.7549,437.53,3.0,158.39,13.73,56357.0,32002.0,ITY113_1804,0.0
830.0,34545.590728405296,-85417.8086817134,10293.734310409649,50.64768633269229,5.8060936504350105,33772.0,0.7549,437.55,3.0,158.37,13.72,56343.0,31998.0,ITY113_1804,0.0
853.0,36459.22514810429,-90243.9404548304,10294.11221814878,50.60416734671338,5.832754079441794,33773.0,0.7549,437.57,3.0,158.34,13.72,56329.0,31994.0,ITY113_1804,0.0
876.0,38375.32462509755,-95069.36369249011,10294.473548597212,50.56064849658424,5.85940021030895,33775.0,0.754,437.04,3.0,158.31,13.7,56316.0,31957.0,ITY113_1804,0.0
899.0,40291.537437372805,-99887.95416510598,10294.819409808433,50.517185017214,5.8859995249155315,33776.0,0.7531,436.51,3.0,158.28,13.69,56302.0,31920.0,ITY113_1804,0.0
0.0,-76187.16803787992,-72300.42024000271,30.480000005524797,52.316616418127246,4.746305737103999,100.0,0.5,330.63,3500.0,44.95,38.17,60145.0,106951.0,SAS62L_1257,0.08606098649153579
22.0,-73577.61051572053,-69685.99283769095,419.5881708305506,52.34048460239352,4.784114349436708,1377.0,0.59,388.43,3500.0,49.95,36.4,60109.0,95477.0,SAS62L_1257,0.09037610869225318
44.0,-70250.87391370752,-66889.22380337873,808.6963424315446,52.36607356091011,4.832486291287033,2653.0,0.6743,441.96,3500.0,44.95,34.16,60075.0,85386.0,SAS62L_1257,0.08408631008462981
66.0,-66754.32054110467,-63386.129160052275,1197.804513882709,52.3980150792666,4.883274565197899,3930.0,0.7494,488.94,3500.0,43.01,31.9,60043.0,77343.0,SAS62L_1257,0.06766969581441379
88.0,-63017.156959684486,-59380.11735069327,1586.9126848732844,52.43448521757326,4.937589274786493,5206.0,0.8141,528.76,3500.0,43.27,29.82,60013.0,71011.0,SAS62L_1257,0.05102136714882625
109.0,-58954.99458536981,-55064.47700137958,1976.020855422834,52.4737502331644,4.9967363078605525,6483.0,0.82,530.19,3500.0,43.08,29.29,59984.0,69508.0,SAS62L_1257,0.03835300746871697
131.0,-54896.03319115375,-50723.98323596238,2365.1290253326597,52.51320888884834,5.055937477923883,7760.0,0.82,527.75,3500.0,42.68,28.92,59955.0,68473.0,SAS62L_1257,0.02862175473123316
153.0,-50885.99716638951,-46375.725490998324,2754.2371946935737,52.55270318596245,5.11452019297794,9036.0,0.82,525.29,3500.0,42.44,28.55,59926.0,67461.0,SAS62L_1257,0.021682687769725907
175.0,-46913.262989984585,-42030.86671632638,3143.3453635889473,52.59213473118385,5.172656676916642,10313.0,0.82,522.83,3500.0,42.16,28.3,59898.0,66794.0,SAS62L_1257,0.01699089839725208
197.0,-42980.29434067803,-37687.49789509927,3532.453532054347,52.631521214969055,5.2303088126245045,11589.0,0.82,520.35,3500.0,42.28,28.4,59870.0,67072.0,SAS62L_1257,0.014279336276311404
219.0,-39056.94007855218,-33373.21147629825,3921.561700083056,52.67061745699667,5.287925644039302,12866.0,0.82,517.87,3500.0,42.51,28.47,59841.0,67245.0,SAS62L_1257,0.01205418635808776
241.0,-35135.41813057589,-29095.347138897185,4310.669867655917,52.709358071961454,5.345622322178376,14143.0,0.82,515.37,3500.0,43.12,28.49,59813.0,67312.0,SAS62L_1257,0.010246493519804374
263.0,-31188.182754727834,-24879.843018166055,4699.778034748025,52.74751134067974,5.40380945752204,15419.0,0.82,512.86,3500.0,44.59,28.48,59784.0,67273.0,SAS62L_1257,0.009045506751563367
284.0,-27154.189048355882,-20787.078298212866,5088.886201325588,52.7845366991371,5.46339881907437,16696.0,0.82,510.33,3500.0,45.86,28.42,59756.0,67127.0,SAS62L_1257,0.008212241226627528
306.0,-23050.780825605343,-16804.79891187646,5477.994367346535,52.820541554509056,5.524130475284674,17972.0,0.82,507.79,3500.0,46.32,28.33,59728.0,66875.0,SAS62L_1257,0.007949385206475664
328.0,-18935.899957871727,-12875.81389617797,5867.10253276031,52.856036499455136,5.585136773351209,19249.0,0.82,505.25,3500.0,46.86,28.2,59699.0,66515.0,SAS62L_1257,0.007867157755206692
350.0,-14805.255070029518,-9005.464024115878,6256.210696335615,52.89097326191785,5.646480539994272,20526.0,0.8195,502.39,3500.0,47.08,28.03,59671.0,66070.0,SAS62L_1257,0.0021621365334455883
372.0,-10683.405948653035,-5173.059487982981,6645.318853738373,52.92553695985301,5.70779325234678,21802.0,0.8195,499.78,3500.0,47.09,27.82,59643.0,65505.0,SAS62L_1257,0.0
394.0,-6582.920236175814,-1360.9165496425878,7034.4270091854405,52.95988658301214,5.768885353881755,23079.0,0.8199,497.46,3500.0,47.09,27.56,59616.0,64823.0,SAS62L_1257,0.0
416.0,-2501.723014059623,2433.2951277160464,7423.535162839785,52.994043495935124,5.829786523449825,24355.0,0.82,494.92,3500.0,47.09,27.26,59589.0,64057.0,SAS62L_1257,0.0
438.0,1558.393244505967,6207.908304171764,7812.643314481895,53.02799300373845,5.8904688213116225,25632.0,0.82,492.3,3500.0,47.09,26.93,59562.0,63200.0,SAS62L_1257,0.0
460.0,5596.8452465676555,9962.380641923279,8201.751463892224,53.06173065953032,5.950922105655301,26909.0,0.82,489.67,3500.0,47.09,26.55,59535.0,62253.0,SAS62L_1257,0.0
481.0,9613.505131633341,13696.593264514337,8590.859610853953,53.09525583105903,6.011143108544853,28185.0,0.82,487.03,3500.0,47.09,26.14,59509.0,61221.0,SAS62L_1257,0.0
503.0,13608.251661819697,17410.433460081455,8979.967755157228,53.12856792113697,6.071128659318296,29462.0,0.82,484.37,3500.0,47.09,25.69,59483.0,60108.0,SAS62L_1257,0.0
525.0,17580.96314408609,21103.788094602147,9369.075896614962,53.16166632980683,6.130875570305556,30738.0,0.82,481.7,3500.0,47.09,26.44,59457.0,61967.0,SAS62L_1257,0.0
547.0,21531.516323323027,24776.542579747318,9758.18403508554,53.19455044708473,6.190380621372377,32015.0,0.819,478.45,3051.0,47.09,25.62,59431.0,59933.0,SAS62L_1257,0.0
569.0,25459.080342345595,28427.92371937847,10097.37247064854,53.22721377734167,6.249629901048437,33128.0,0.8135,472.89,2551.0,47.09,24.9,59406.0,58190.0,SAS62L_1257,0.0
591.0,29344.706258838476,32040.315782020498,10380.974080184358,53.25949938752833,6.308335482070831,34058.0,0.8079,467.67,2051.0,47.09,24.29,59382.0,56718.0,SAS62L_1257,0.0
613.0,33190.821568428204,35615.97558314107,10608.988842873972,53.29142827702694,6.366531413671315,34806.0,0.8019,462.63,1551.0,47.09,22.75,59359.0,53132.0,SAS62L_1257,0.0
635.0,36998.79389216131,39156.17454171351,10781.416754626953,53.323012581501544,6.424235910562194,35372.0,0.7952,457.6,1051.0,47.09,19.78,59340.0,46485.0,SAS62L_1257,0.0
657.0,40768.77687328458,42661.0554499593,10898.257817731379,53.35425433642634,6.4814488904291006,35755.0,0.7874,452.29,551.0,47.09,16.71,59323.0,39834.0,SAS62L_1257,0.0
678.0,44498.418088789665,46128.43120488876,10959.5120423319,53.38513482758427,6.538132186333565,35956.0,0.7774,446.18,51.0,47.09,13.55,59309.0,33120.0,SAS62L_1257,0.0
700.0,48180.095620205764,49551.21565495433,10965.179464747976,53.41559182921555,6.594167183677564,35975.0,0.7762,445.46,0.0,47.09,13.22,59296.0,32419.0,SAS62L_1257,0.0
722.0,51856.11170022283,52968.73707251529,10965.179540022307,53.44597580419188,6.650196098556667,35975.0,0.7762,445.45,0.0,47.09,13.22,59283.0,32413.0,SAS62L_1257,0.0
744.0,55532.04787004805,56386.1842275142,10965.17961117132,53.47633287880853,6.7063039500682775,35975.0,0.7762,445.44,0.0,47.09,13.22,59270.0,32408.0,SAS62L_1257,0.0
766.0,59207.90409962693,59803.55709713973,10965.179678619328,53.50666298790301,6.7624908666739865,35975.0,0.7762,445.43,0.0,47.09,13.21,59256.0,32402.0,SAS62L_1257,0.0
788.0,62883.68028196162,63220.85558573583,10965.179742728396,53.53696606551358,6.818756975602528,35975.0,0.7762,445.42,0.0,47.09,13.21,59243.0,32397.0,SAS62L_1257,0.0
810.0,66559.37631938585,66638.07960981561,10965.17980380996,53.567242045635545,6.87510240416342,35975.0,0.7762,445.41,0.0,47.09,13.21,59230.0,32391.0,SAS62L_1257,0.0
832.0,70234.99211662525,70055.22906964978,10965.179862133842,53.597490861966186,6.931527279634202,35975.0,0.7761,445.41,0.0,47.09,13.21,59217.0,32386.0,SAS62L_1257,0.0
853.0,73910.527227015,73472.30337032826,10965.179917935318,53.62771244364799,6.988031723778739,35975.0,0.7761,445.4,0.0,47.09,13.2,59204.0,32381.0,SAS62L_1257,0.0
0.0,-75481.23330743679,57009.856960400735,30.48000015159275,52.3166163554738,4.746295641029243,100.0,0.5,330.63,3500.0,125.59,35.03,77965.0,107773.0,TRA6875_1499,0.08606049780020612
20.0,-72731.25738725551,55041.43773884849,386.6506276388164,52.29928697962412,4.787174339504856,1269.0,0.547,360.23,3500.0,130.59,34.09,77931.0,100339.0,TRA6875_1499,0.08131397488838078
40.0,-69931.02372017513,52641.77944153294,742.8212551870772,52.27807213486432,4.828849535059513,2437.0,0.5933,389.16,3500.0,135.43,32.99,77898.0,93628.0,TRA6875_1499,0.0680424741743149
60.0,-67133.39092540184,49801.89430229873,1098.99188274869,52.25288368967519,4.870534474386134,3606.0,0.638,416.77,3500.0,132.26,31.78,77866.0,87650.0,TRA6875_1499,0.05627039781082998
80.0,-63972.306070797786,46929.18191815286,1455.1625103152548,52.227427683805004,4.917514068508095,4774.0,0.6805,442.68,3500.0,128.49,30.54,77836.0,82367.0,TRA6875_1499,0.04759958675236418
100.0,-60419.91952290585,44104.41092147861,1811.3331378847265,52.202427158278425,4.970172563733475,5943.0,0.7204,466.67,3500.0,124.84,29.3,77806.0,77720.0,TRA6875_1499,0.04193208661301101
120.0,-56492.052667501724,41370.01596954589,2167.5037654564426,52.1782544950987,5.028262939920293,7111.0,0.7575,488.69,3500.0,122.27,28.11,77778.0,73635.0,TRA6875_1499,0.03890680154943239
140.0,-52253.34583766801,38693.65487976685,2523.674393029912,52.15460472339477,5.090837193863561,8280.0,0.7921,508.82,3500.0,120.93,26.98,77751.0,70036.0,TRA6875_1499,0.037658579090882424
160.0,-47775.18298568118,36010.87160573182,2879.845020604608,52.130884900450965,5.156853791331909,9448.0,0.82,524.5,3500.0,120.66,26.02,77725.0,67138.0,TRA6875_1499,0.03674070076767483
180.0,-43145.842457496285,33266.21452933994,3236.0156481766926,52.10658367959321,5.225021495558968,10617.0,0.82,522.24,3500.0,122.69,25.93,77699.0,66870.0,TRA6875_1499,0.033387725880189685
200.0,-38635.978654231745,30372.42294850082,3592.1862757452864,52.08089373277304,5.291383476403527,11785.0,0.82,519.97,3500.0,124.82,26.01,77673.0,67106.0,TRA6875_1499,0.02955045162623813
220.0,-34256.47159576994,27325.820859709394,3948.35690331086,52.05378431072123,5.355777992886949,12954.0,0.82,517.69,3500.0,126.53,26.06,77647.0,67254.0,TRA6875_1499,0.02611007959406966
240.0,-29988.486694627547,24164.312289207643,4304.527530873881,52.02560046318264,5.418474503264465,14122.0,0.82,515.41,3500.0,126.89,26.08,77621.0,67312.0,TRA6875_1499,0.02432545102475987
260.0,-25759.502048897408,20990.12173491729,4660.698158434543,51.99726752514678,5.480523309449211,15291.0,0.82,513.11,3500.0,127.49,26.07,77595.0,67282.0,TRA6875_1499,0.023214211458807265
280.0,-21583.057347835726,17786.05060239933,5016.868785992869,51.96863127071493,5.541728543868771,16460.0,0.82,510.8,3500.0,127.96,26.03,77569.0,67162.0,TRA6875_1499,0.022461243915122928
300.0,-17451.653497354328,14562.817777671342,5373.0394135488805,51.93978959355875,5.602199502695451,17628.0,0.82,508.48,3500.0,127.42,25.96,77543.0,66953.0,TRA6875_1499,0.021792628511873663
321.0,-13308.998606302941,11393.416634896088,5729.210041102664,51.911401367062275,5.662754649312977,18797.0,0.82,506.15,3500.0,126.88,25.86,77517.0,66654.0,TRA6875_1499,0.02117818094293773
341.0,-9156.119361654639,8277.449249013378,6085.38066865198,51.88346281872926,5.723380782360333,19965.0,0.82,503.81,3500.0,126.58,25.72,77491.0,66268.0,TRA6875_1499,0.01568212894589261
361.0,-5006.627790275646,5197.458312422816,6441.551296094911,51.85581667232004,5.783881714769609,21134.0,0.82,501.46,3500.0,126.6,25.56,77466.0,65795.0,TRA6875_1499,0.0
381.0,-877.3072680786038,2131.140930069776,6797.721923426207,51.82826247085111,5.844014759013972,22302.0,0.82,499.1,3500.0,126.6,25.37,77441.0,65237.0,TRA6875_1499,0.0
401.0,3232.3737418163782,-920.5927024943591,7153.892550741845,51.80080884702286,5.903788714133202,23471.0,0.82,496.72,3500.0,126.6,25.14,77415.0,64596.0,TRA6875_1499,0.0
421.0,7322.320941541561,-3957.672562173682,7510.063178041237,51.77345697562655,5.963203315797829,24639.0,0.82,494.34,3302.0,126.6,24.89,77390.0,63874.0,TRA6875_1499,0.0
441.0,11394.097786366137,-6981.2596269491205,7846.052979380754,51.74619691071617,6.022282424427576,25742.0,0.82,492.08,2802.0,126.6,24.62,77366.0,63122.0,TRA6875_1499,0.0
461.0,15451.006352812467,-9993.805926191288,8131.161262910692,51.71900697006791,6.081074900007998,26677.0,0.82,490.15,2302.0,126.6,24.37,77341.0,62432.0,TRA6875_1499,0.0
481.0,19495.445267180923,-12997.092612307133,8365.388028456862,51.69187143818071,6.1396162965310985,27445.0,0.8145,485.28,1802.0,126.6,24.2,77317.0,61956.0,TRA6875_1499,0.0
501.0,23502.702763720063,-15972.769422540385,8548.733275975836,51.66495671212216,6.197550289923071,28047.0,0.8058,478.88,1302.0,126.6,24.08,77293.0,61644.0,TRA6875_1499,0.0
521.0,27459.719717087955,-18911.139017383088,8681.197005469692,51.63835149603342,6.254690407106224,28482.0,0.7968,472.64,802.0,126.6,22.41,77271.0,57171.0,TRA6875_1499,0.0
541.0,31367.388780265355,-21812.86425588921,8762.779216987861,51.6120508938563,6.311052143330763,28749.0,0.7864,465.97,302.0,126.6,19.0,77252.0,48628.0,TRA6875_1499,0.0
561.0,35221.76330294077,-24675.01446647794,8793.479910722885,51.58608258790434,6.366581218443303,28850.0,0.7789,461.3,0.0,126.6,16.8,77235.0,43374.0,TRA6875_1499,0.0
581.0,39038.436035396866,-27509.16838742466,8793.479910921591,51.560342507683394,6.421504593357338,28850.0,0.7789,461.29,0.0,126.6,16.8,77218.0,43368.0,TRA6875_1499,0.0
601.0,42855.02199608472,-30343.257874409857,8793.479911108869,51.5345774083386,6.476364555899713,28850.0,0.7789,461.28,0.0,126.6,16.8,77201.0,43361.0,TRA6875_1499,0.0
621.0,46671.52107843222,-33177.28284834209,8793.479911285345,51.50878734492224,6.53116117484087,28850.0,0.7788,461.27,0.0,126.6,16.79,77185.0,43354.0,TRA6875_1499,0.0
641.0,50487.93317509819,-36011.24322956442,8793.479911451597,51.48297237239992,6.585894519104319,28850.0,0.7788,461.26,0.0,126.6,16.79,77168.0,43347.0,TRA6875_1499,0.0
661.0,54304.25817850976,-38845.138938254524,8793.479911608154,51.45713254564684,6.640564657772756,28850.0,0.7788,461.25,0.0,126.6,16.79,77151.0,43341.0,TRA6875_1499,0.0
681.0,58120.49598086129,-41678.96989442583,8793.479911755518,51.431267919447805,6.695171660086363,28850.0,0.7788,461.24,0.0,126.6,16.78,77134.0,43334.0,TRA6875_1499,0.0
701.0,61936.646474113884,-44512.73601792904,8793.479911894145,51.405378548497,6.749715595441086,28850.0,0.7788,461.23,0.0,126.6,16.78,77117.0,43327.0,TRA6875_1499,0.0
721.0,65752.70954999515,-47346.4372284547,8793.47991202445,51.37946448739801,6.8041965333869125,28850.0,0.7788,461.22,0.0,126.6,16.78,77101.0,43321.0,TRA6875_1499,0.0
741.0,69568.68509999997,-50180.073445536356,8793.479912146831,51.35352579066377,6.858614543626151,28850.0,0.7787,461.21,0.0,126.6,16.78,77084.0,43314.0,TRA6875_1499,0.0
761.0,73384.57301539471,-53013.644588554474,8793.479912261655,51.32756251271639,6.912969696011763,28850.0,0.7787,461.2,0.0,126.6,16.77,77067.0,43307.0,TRA6875_1499,0.0
781.0,77200.37318380587,-55847.15057400697,8793.479912369266,51.301574707912216,6.967262060497166,28850.0,0.7787,461.18,0.0,126.6,16.77,77050.0,43300.0,TRA6875_1499,0.0
0.0,32917.8291897641,100893.18259019716,30.48000000648781,52.31661999969461,4.746300000148736,100.0,0.5,330.63,3500.0,198.81,39.59,71173.0,107773.0,VLG12BR_219,0.0860613714345325
23.0,31685.919775687376,97276.63451240501,432.9640513025815,52.28416852900043,4.7278367800344085,1420.0,0.5661,372.64,3500.0,193.81,38.12,71135.0,97989.0,VLG12BR_219,0.07627077795176027
45.0,30656.84497110428,93090.28821639725,835.4481027445719,52.246578769228655,4.7123282738715275,2741.0,0.6302,412.89,3500.0,188.81,36.37,71099.0,89512.0,VLG12BR_219,0.06398137861463697
68.0,29924.65944428865,88366.35568114209,1237.9321541343097,52.20413647477534,4.701155382489507,4061.0,0.69,450.02,3500.0,183.81,34.5,71064.0,82325.0,VLG12BR_219,0.05280616882537145
91.0,29578.22441953399,83164.87060151139,1640.4162054435942,52.157378015851265,4.695617208852912,5382.0,0.7447,483.38,3500.0,178.81,32.66,71032.0,76297.0,VLG12BR_219,0.04558678367221567
113.0,29694.512736050743,77564.5404960289,2042.9002566932145,52.107007893275814,4.696831607806234,6702.0,0.7938,512.86,3500.0,173.81,30.93,71001.0,71256.0,VLG12BR_219,0.04407806754582425
136.0,30335.452236893758,71654.54487179869,2445.384307874336,52.05382453334364,4.705689131957673,8023.0,0.82,527.24,3500.0,178.78,29.83,70971.0,68263.0,VLG12BR_219,0.04225637401266371
158.0,30465.951400072296,65543.95933246633,2847.868358931672,51.99886480437559,4.707051976599782,9343.0,0.82,524.7,3500.0,183.78,29.44,70942.0,67220.0,VLG12BR_219,0.0408978638353177
181.0,30065.341430383614,59474.89438248084,3250.3524098378803,51.944307364396835,4.700667232417701,10664.0,0.82,522.15,3500.0,188.78,29.31,70912.0,66881.0,VLG12BR_219,0.039143659215051675
204.0,29141.859910312058,53493.34177348249,3652.8364605972174,51.890564119314384,4.686686818315248,11984.0,0.82,519.59,3500.0,193.78,29.4,70883.0,67136.0,VLG12BR_219,0.03625953401553453
226.0,27707.718803505486,47644.172507687916,4055.32051121633,51.83803528543022,4.665318451344284,13305.0,0.82,517.01,3500.0,198.77,29.46,70853.0,67280.0,VLG12BR_219,0.033667071432585356
249.0,25779.412098126246,41970.64386489651,4457.804561703398,51.7871051003192,4.636829156054146,14625.0,0.82,514.42,3500.0,202.0,29.47,70824.0,67310.0,VLG12BR_219,0.03112112764531662
272.0,23546.074649248156,36442.78260301244,4860.288612066532,51.73749092855676,4.603984533585629,15946.0,0.82,511.82,3500.0,203.69,29.44,70794.0,67226.0,VLG12BR_219,0.02840646207113029
294.0,21163.03894156357,31011.029711178904,5262.772662312925,51.688737586492486,4.569046312393222,17266.0,0.82,509.2,3500.0,203.33,29.36,70765.0,67027.0,VLG12BR_219,0.025261089924206823
317.0,18826.035214104944,25592.63837023921,5665.2567124522,51.64009250984826,4.534851099738037,18587.0,0.82,506.57,3500.0,202.99,29.24,70736.0,66714.0,VLG12BR_219,0.022378021465959245
340.0,16533.708504806324,20188.608206812456,6067.740762426514,51.59156534860752,4.501376638912092,19907.0,0.82,503.93,3500.0,202.8,29.08,70707.0,66289.0,VLG12BR_219,0.016074502554408197
362.0,14270.522308686732,14805.853898814305,6470.22480950227,51.54321927068067,4.468395926441385,21228.0,0.82,501.27,3500.0,202.79,28.87,70678.0,65753.0,VLG12BR_219,0.0
385.0,12020.686249192715,9451.225486579631,6872.708853797658,51.495116606689734,4.435679082848251,22548.0,0.82,498.6,3500.0,202.79,28.62,70649.0,65109.0,VLG12BR_219,0.0
407.0,9782.962755229968,4125.424661802373,7275.192897536394,51.44726388305029,4.403206850225916,23869.0,0.82,495.91,3500.0,202.79,28.32,70621.0,64359.0,VLG12BR_219,0.0
430.0,7557.417681560365,-1171.3916758804535,7677.676940681429,51.399662687610416,4.370978800000469,25189.0,0.82,493.21,3500.0,202.79,27.98,70593.0,63508.0,VLG12BR_219,0.0
453.0,5344.11801141491,-6439.0640541296025,8080.160983203252,51.35231465168849,4.33899450864598,26510.0,0.82,490.5,3500.0,202.79,27.59,70565.0,62558.0,VLG12BR_219,0.0
475.0,3143.1318462816566,-11677.430338686007,8482.645025083995,51.305221430062744,4.307253655474568,27830.0,0.82,487.76,3069.0,202.79,27.16,70538.0,61517.0,VLG12BR_219,0.0
498.0,952.4940555045262,-16891.16750914127,8835.614545232338,51.25834112586152,4.2757267028276,28988.0,0.8197,485.17,2569.0,202.79,26.76,70512.0,60537.0,VLG12BR_219,0.0
521.0,-1228.5510774742158,-22082.073794345713,9131.086358963654,51.21165764891891,4.244403357843322,29958.0,0.8124,478.85,2069.0,202.79,26.44,70485.0,59789.0,VLG12BR_219,0.0
543.0,-3383.0411893107425,-27209.77924822238,9369.060460192039,51.165534308061126,4.213522466039407,30738.0,0.8051,472.95,1569.0,202.79,27.44,70458.0,62180.0,VLG12BR_219,0.0
566.0,-5512.609868956014,-32278.171457144716,9549.536847611227,51.11993650033678,4.183059468351612,31331.0,0.7974,467.23,1069.0,202.79,24.59,70433.0,55513.0,VLG12BR_219,0.0
589.0,-7617.87784668168,-37288.727720923234,9672.515521599265,51.07485123803008,4.153003190160075,31734.0,0.7888,461.33,569.0,202.79,21.04,70412.0,47709.0,VLG12BR_219,0.0
611.0,-9697.806541466112,-42238.97616794688,9737.996484444304,51.03030106328777,4.123366185680461,31949.0,0.778,454.59,69.0,202.79,17.28,70395.0,39825.0,VLG12BR_219,0.0
634.0,-11748.342202154821,-47119.26879619542,9745.979744559594,50.986373126394426,4.094203775294017,31975.0,0.7762,453.51,0.0,202.79,16.74,70378.0,38711.0,VLG12BR_219,0.0
656.0,-13794.128548194201,-51988.257840898,9745.979762471703,50.942539701221285,4.065163908839419,31975.0,0.7762,453.5,0.0,202.79,16.74,70361.0,38704.0,VLG12BR_219,0.0
679.0,-15839.863862654078,-56857.1252038923,9745.979779698288,50.89870017218281,4.036179520473057,31975.0,0.7762,453.49,0.0,202.79,16.73,70345.0,38697.0,VLG12BR_219,0.0
702.0,-17885.548101385644,-61725.87073245248,9745.979796288657,50.85485456592876,4.007250427221045,31975.0,0.7762,453.48,0.0,202.79,16.73,70328.0,38691.0,VLG12BR_219,0.0
724.0,-19931.1812131864,-66594.49425277289,9745.97981228699,50.81100290920071,3.9783764469462084,31975.0,0.7761,453.46,0.0,202.79,16.72,70311.0,38683.0,VLG12BR_219,0.0
747.0,-21976.76314875324,-71462.99559013349,9745.979827733025,50.76714522864715,3.9495573982165646,31975.0,0.7761,453.45,0.0,202.79,16.72,70294.0,38676.0,VLG12BR_219,0.0
770.0,-24022.29386126223,-76331.37456881054,9745.979842662638,50.72328155082255,3.9207931002930936,31975.0,0.7761,453.44,0.0,202.79,16.72,70278.0,38669.0,VLG12BR_219,0.0
792.0,-26067.773306977113,-81199.63101204808,9745.979857108316,50.67941190218657,3.892083373117378,31975.0,0.7761,453.43,0.0,202.79,16.71,70261.0,38663.0,VLG12BR_219,0.0
815.0,-28113.201446053077,-86067.76474182506,9745.979871099567,50.6355363091057,3.863428037296647,31975.0,0.7761,453.42,0.0,202.79,16.71,70244.0,38656.0,VLG12BR_219,0.0
838.0,-30158.57824416326,-90935.77558098877,9745.979884663298,50.591654797833776,3.834826914077536,31975.0,0.776,453.41,0.0,202.79,16.71,70227.0,38649.0,VLG12BR_219,0.0
860.0,-32203.903665463065,-95803.66333623638,9745.979897824094,50.54776739466548,3.8062798254410204,31975.0,0.776,453.4,0.0,202.79,16.7,70211.0,38642.0,VLG12BR_219,0.0
883.0,-34249.177390892546,-100671.42740241352,9745.97991060447,50.503874129511814,3.777786598044634,31975.0,0.776,453.38,0.0,202.79,16.7,70194.0,38634.0,VLG12BR_219,0.0
