ts,x,y,h,latitude,longitude,altitude,mach,tas,vertical_rate,heading,fuel,mass,thrust,fid,num,cost_grid
0.0,23108.223717433975,70165.93582059715,30.480000059951593,52.31661999911831,4.746299998554893,100.0,0.5,330.63,3500.0,198.75,35.8,62364.0,107773.0,id8,0.0,0.08606137125324444
21.0,21989.16865909258,66869.29419606755,397.15477877975485,52.28701879438845,4.729621376201093,1303.0,0.5792,381.4,3500.0,198.48,34.26,62330.0,96745.0,id8,0.0,0.0773309737125832
41.0,20714.77106149413,63055.12208828944,763.8295575808559,52.252766889247845,4.71065093142454,2506.0,0.6544,429.11,3500.0,198.48,32.43,62298.0,87458.0,id8,0.0,0.06606085896503516
62.0,19279.768511209957,58760.27193603568,1130.504336425221,52.214194781697735,4.689324787413866,3709.0,0.7228,471.97,3500.0,198.48,30.53,62267.0,79834.0,id8,0.0,0.05581949272373568
82.0,17700.592894248097,54033.923092167446,1497.179115294468,52.171742944685604,4.665898794170082,4912.0,0.7833,509.32,3500.0,198.48,28.73,62238.0,73648.0,id8,0.0,0.04850295809350801
103.0,15995.81799317642,48931.665431939364,1863.8538941794425,52.12590951578443,4.640659751808785,6115.0,0.82,530.89,3500.0,198.48,27.5,62211.0,69810.0,id8,0.0,0.047979657886080294
124.0,14218.557617708002,43612.46442491965,2230.5286730668054,52.078121567455284,4.614402786250922,7318.0,0.82,528.59,3500.0,198.48,27.17,62184.0,68830.0,id8,0.0,0.04780150880289446
144.0,12449.052875081414,38316.47541636798,2597.203451949911,52.030536374090126,4.58831619411611,8521.0,0.82,526.28,3500.0,198.48,26.84,62157.0,67867.0,id8,0.0,0.04747766624499668
165.0,10687.337905339975,33043.8005852173,2963.8782308278405,51.98315495180207,4.562399539641841,9724.0,0.82,523.97,3500.0,198.48,26.51,62130.0,66923.0,id8,0.0,0.0468838468568204
186.0,8933.447303374734,27794.54347167379,3330.553009699553,51.935978328360555,4.536652399064046,10927.0,0.82,521.64,3500.0,198.48,26.52,62104.0,66941.0,id8,0.0,0.044129489363295686
206.0,7187.416129109931,22568.809007711323,3697.227788563868,51.889007543475,4.511074360676207,12130.0,0.82,519.3,3500.0,198.48,26.6,62077.0,67158.0,id8,0.0,0.039544940693763006
227.0,5449.279918011093,17366.70354852964,4063.9025674194363,51.842243649086846,4.485665024893115,13333.0,0.82,516.95,3500.0,198.48,26.64,62050.0,67283.0,id8,0.0,0.035052465766533134
247.0,3719.0746919289263,12188.33490501626,4430.577346264696,51.79568770966894,4.4604240043188765,14536.0,0.82,514.59,3500.0,198.48,26.65,62024.0,67312.0,id8,0.0,0.030619819769488674
268.0,1996.8369702929,7033.8123772536965,4797.252125097834,51.7493408025249,4.4353509238157285,15739.0,0.82,512.22,3500.0,198.48,26.63,61997.0,67247.0,id8,0.0,0.026454378496382606
289.0,282.6037816693153,1903.2467891167425,5163.926903916714,51.70320401790055,4.410445420506253,16942.0,0.82,509.84,3500.0,198.48,26.57,61971.0,67087.0,id8,0.0,0.02374733915160974
309.0,-1423.5873243004091,-3203.2494759929277,5530.601682718802,51.65727842708258,4.385707267837731,18145.0,0.82,507.45,3500.0,198.48,26.48,61944.0,66832.0,id8,0.0,0.021158403117590326
330.0,-3121.698264564644,-8285.562438224948,5897.276461501052,51.61156517359907,4.361136075878682,19348.0,0.82,505.05,3433.0,198.48,26.36,61918.0,66483.0,id8,0.0,0.01884456458251225
351.0,-4811.916787676793,-13344.254014026852,6256.983289913127,51.56605930199088,4.336728180825167,20528.0,0.82,502.68,2933.0,198.48,26.21,61892.0,66051.0,id8,0.0,0.004611812060956448
371.0,-6495.7521880480535,-18383.841403032646,6564.308007309602,51.52072025989585,4.31246099530409,21536.0,0.8132,496.5,2433.0,198.48,26.14,61865.0,65863.0,id8,0.0,0.0
392.0,-8160.248385721952,-23365.548073039434,6819.250613576991,51.47589703575995,4.288519967012643,22373.0,0.8013,487.58,1933.0,198.48,26.14,61839.0,65853.0,id8,0.0,0.0
412.0,-9796.067345534444,-28261.42601640813,7021.811108686343,51.43184132135584,4.265037212273752,23037.0,0.7853,476.57,1433.0,198.48,25.44,61814.0,63901.0,id8,0.0,0.0
433.0,-11396.0208028131,-33049.96132010209,7171.9894926358675,51.38874700388076,4.24211308916488,23530.0,0.7502,454.31,933.0,198.48,21.94,61792.0,54772.0,id8,0.0,0.0
454.0,-12922.133033601585,-37617.49561842882,7269.785765448171,51.3476374204895,4.220287164090064,23851.0,0.7021,424.65,433.0,198.48,17.85,61774.0,44946.0,id8,0.0,0.0
474.0,-14349.346201948518,-41889.03277220098,7315.199927220754,51.3091882632709,4.199911065862661,24000.0,0.6619,400.05,-0.0,198.48,14.12,61760.0,36407.0,id8,0.0,0.0
495.0,-15694.361960081127,-45914.559517499365,7315.199927213161,51.27295027572044,4.180739715842354,24000.0,0.6618,400.0,-0.0,198.48,14.12,61746.0,36398.0,id8,0.0,0.0
516.0,-17039.205564841523,-49939.57101898012,7315.199927199742,51.236713801422184,4.161601030498081,24000.0,0.6617,399.95,-0.0,198.48,14.12,61732.0,36390.0,id8,0.0,0.0
536.0,-18383.87706024003,-53964.06740806804,7315.19992718083,51.200478849352564,4.142494913579182,24000.0,0.6616,399.9,-0.0,198.48,14.11,61718.0,36381.0,id8,0.0,0.0
557.0,-19728.37648879243,-57988.04881168636,7315.1999271567265,51.1642454284887,4.123421269216902,24000.0,0.6615,399.85,-0.0,198.48,14.11,61703.0,36372.0,id8,0.0,0.0
577.0,-21072.70389300818,-62011.51535671098,7315.199927127722,51.12801354776857,4.104380001901495,24000.0,0.6614,399.8,-0.0,198.48,14.1,61689.0,36363.0,id8,0.0,0.0
598.0,-22416.85931539143,-66034.46716998231,7315.199927094065,51.09178321609102,4.085371016480595,24000.0,0.6613,399.75,-0.0,198.48,14.1,61675.0,36354.0,id8,0.0,0.0
619.0,-23760.842797120193,-70056.90437431376,7315.199927056002,51.05555444235195,4.066394218176201,24000.0,0.6613,399.69,-0.0,198.48,14.1,61661.0,36345.0,id8,0.0,0.0
0.0,23108.223726516524,70165.93582194441,30.48000006617608,52.31661999913005,4.746299998688601,100.0,0.5,330.63,3500.0,198.75,35.79,62364.0,107773.0,id7,0.0001,0.08606137126167217
21.0,21989.505040472424,66870.28496281111,397.044345253267,52.28702769103146,4.729626386336058,1303.0,0.5792,381.39,3500.0,194.37,34.25,62330.0,96746.0,id7,0.0001,0.0773342654073334
41.0,20991.578977294805,62976.04357777772,763.6086905067976,52.252045254995764,4.71471234672946,2505.0,0.6543,429.08,3500.0,194.85,32.42,62298.0,87464.0,id7,0.0001,0.06591674494310545
62.0,19831.427034794797,58600.66169892199,1130.173035797577,52.21273983542322,4.697412330648234,3708.0,0.7227,471.93,3500.0,195.66,30.52,62267.0,79840.0,id7,0.0001,0.05535437004333628
82.0,18486.885222517725,53804.26323023385,1496.737381111492,52.1696518273677,4.677416005619741,4911.0,0.7832,509.28,3500.0,196.57,28.72,62238.0,73654.0,id7,0.0001,0.047585299613026585
103.0,16953.347740636447,48650.12482763508,1863.3017264410562,52.123349056999814,4.654671972241761,6113.0,0.82,530.89,3500.0,197.28,27.49,62211.0,69812.0,id7,0.0001,0.04729127424895882
124.0,15288.385403024147,43296.437777225336,2229.8660717706252,52.07525098694558,4.6300431267089035,7316.0,0.82,528.6,3500.0,197.91,27.16,62184.0,68831.0,id7,0.0001,0.047091580260457455
144.0,13571.287698524633,37984.94266583921,2596.4304170913288,52.0275285106156,4.604706971566154,8518.0,0.82,526.29,3500.0,198.41,26.83,62157.0,67869.0,id7,0.0001,0.047018451201350404
165.0,11816.24538808343,32711.748980938653,2962.9947624019005,51.98014587067912,4.578872151111222,9721.0,0.82,523.97,3500.0,198.66,26.51,62130.0,66926.0,id7,0.0001,0.04665816676163445
186.0,10045.738597983602,27469.765459216178,3329.559107700903,51.93303854769686,4.552867294326319,10924.0,0.82,521.65,3500.0,199.04,26.51,62104.0,66939.0,id7,0.0001,0.043679090867026
206.0,8248.465253846547,22263.11254866929,3696.1234529868107,51.88624363887828,4.526527841903181,12126.0,0.82,519.31,3500.0,199.32,26.59,62077.0,67158.0,id7,0.0001,0.0392627596328356
227.0,6434.796078122325,17088.52361044311,4062.6877982579394,51.83973140886757,4.500005137423705,13329.0,0.82,516.96,3500.0,199.47,26.63,62051.0,67282.0,id7,0.0001,0.03492004431206999
247.0,4615.12118531565,11942.564954850588,4429.2521435123235,51.793470753813544,4.473450240554845,14532.0,0.82,514.6,3500.0,199.53,26.64,62024.0,67312.0,id7,0.0001,0.030608795633384627
268.0,2799.1337928313005,6821.955838420339,4795.816488747667,51.747432084341426,4.447003540960042,15734.0,0.82,512.23,3500.0,199.45,26.62,61997.0,67248.0,id7,0.0001,0.02657348303967615
289.0,998.0214109303358,1722.8595511659385,5162.380833961264,51.70158093412152,4.420826610143041,16937.0,0.82,509.85,3500.0,199.37,26.56,61971.0,67088.0,id7,0.0001,0.02383776994650485
309.0,-786.7933907316744,-3355.0894250633405,5528.945179149891,51.655914166002844,4.394939019125468,18140.0,0.82,507.46,3500.0,199.2,26.48,61944.0,66833.0,id7,0.0001,0.021323569188112713
330.0,-2548.1853366901987,-8414.236499007455,5895.50952430974,51.61041088980513,4.369442680486371,19342.0,0.82,505.06,3436.0,199.04,26.35,61918.0,66485.0,id7,0.0001,0.018966966428509084
350.0,-4287.333456759635,-13454.71755584568,6255.42144319465,51.56507013993233,4.3443189863561384,20523.0,0.82,502.69,2936.0,198.99,26.2,61892.0,66053.0,id7,0.0001,0.004711858735228636
371.0,-6015.502560761395,-18477.671146110835,6562.967027444518,51.51988178200868,4.319403729154594,21532.0,0.8136,496.72,2436.0,198.99,26.13,61866.0,65852.0,id7,0.0001,0.0
392.0,-7724.502483602732,-23445.110753643683,6818.146276887757,51.47518766888349,4.294813421703801,22369.0,0.8018,487.86,1936.0,198.99,26.13,61839.0,65840.0,id7,0.0001,0.0
412.0,-9404.251672153603,-28327.529140684153,7020.959191479085,51.43125352485635,4.270690911232476,23035.0,0.7861,477.01,1436.0,198.99,25.46,61814.0,63985.0,id7,0.0001,0.0
433.0,-11047.77385663414,-33104.6488343744,7171.405771217364,51.38826212181548,4.247133514669256,23528.0,0.7519,455.37,936.0,198.99,21.99,61792.0,54915.0,id7,0.0001,0.0
454.0,-12617.644445261654,-37667.690192640934,7269.486016143316,51.34719290142493,4.22467310438886,23850.0,0.7036,425.57,436.0,198.99,17.89,61774.0,45072.0,id7,0.0001,0.0
474.0,-14085.52238875179,-41934.276119427486,7315.199926427888,51.308788021100696,4.203708314210259,24000.0,0.663,400.74,0.0,198.99,14.15,61760.0,36467.0,id7,0.0001,0.0
495.0,-15468.242210107448,-45953.33843440711,7315.199926569251,51.2726077602969,4.183991859726262,24000.0,0.6629,400.69,0.0,198.99,14.14,61746.0,36458.0,id7,0.0001,0.0
515.0,-16850.784892538122,-49971.88586738186,7315.199926700474,51.23642882872364,4.164308953889347,24000.0,0.6628,400.63,0.0,198.99,14.14,61732.0,36449.0,id7,0.0001,0.0
536.0,-18233.150482822122,-53989.91855381497,7315.199926822133,51.20025123589456,4.14465949813023,24000.0,0.6627,400.58,0.0,198.99,14.13,61718.0,36440.0,id7,0.0001,0.0
557.0,-19615.33902499329,-58007.436621143206,7315.199926934756,51.164074991353644,4.125043394286096,24000.0,0.6626,400.53,0.0,198.99,14.13,61703.0,36431.0,id7,0.0001,0.0
577.0,-20997.350563089756,-62024.44019676616,7315.19992703883,51.12790010460348,4.105460544559714,24000.0,0.6626,400.48,0.0,198.99,14.13,61689.0,36422.0,id7,0.0001,0.0
598.0,-22379.185141156035,-66040.92940806707,7315.199927134801,51.091726585105235,4.085910851517753,24000.0,0.6625,400.43,0.0,198.99,14.12,61675.0,36413.0,id7,0.0001,0.0
619.0,-23760.842800753595,-70056.90437535508,7315.199927223087,51.055554442342434,4.066394218124288,24000.0,0.6624,400.38,0.0,198.99,14.12,61661.0,36404.0,id7,0.0001,0.0
0.0,23108.22381457739,70165.93590934371,30.48000000143752,52.31661999991234,4.746299999990106,100.0,0.5,330.63,3500.0,198.75,35.85,62364.0,107773.0,id6,0.0004,0.08606137146695544
21.0,21987.683247663714,66864.91808802547,397.6425517935099,52.28697949887556,4.72959925212804,1305.0,0.5793,381.47,3500.0,193.75,34.31,62330.0,96730.0,id6,0.0004,0.07731643557805777
41.0,21030.40751444181,62952.83742271735,764.8051040421549,52.25183507929059,4.7152812842893095,2509.0,0.6546,429.23,3500.0,188.75,32.47,62297.0,87436.0,id6,0.0004,0.06585984531722788
62.0,20340.442929486773,58470.03893464843,1131.9676564511205,52.21154660060505,4.704875250234603,3714.0,0.723,472.13,3500.0,185.59,30.57,62267.0,79806.0,id6,0.0004,0.054896938997512926
83.0,19854.16793318859,53502.195950471454,1499.1302089301225,52.16688785161673,4.6974464081926754,4918.0,0.7836,509.51,3500.0,188.92,28.76,62238.0,73619.0,id6,0.0004,0.046280870995782535
103.0,19018.576808413476,48178.64513957442,1866.2927614519137,52.119041822064894,4.684896094536167,6123.0,0.82,530.87,3500.0,191.68,27.53,62211.0,69804.0,id6,0.0004,0.045727047049332656
124.0,17881.851878863356,42679.36013145347,2233.4553138346973,52.06962385482714,4.667957794779637,7328.0,0.82,528.57,3500.0,194.1,27.2,62183.0,68822.0,id6,0.0004,0.0452754351026458
145.0,16519.823008293086,37256.8003200763,2600.6178659397474,52.020900214214265,4.647768173011066,8532.0,0.82,526.26,3500.0,196.34,26.87,62156.0,67858.0,id6,0.0004,0.04499123845430945
165.0,14953.555258182325,31915.35095402287,2967.7804177420658,51.9729080988504,4.624644564912294,9737.0,0.82,523.94,3500.0,198.63,26.55,62130.0,66913.0,id6,0.0004,0.044991825276415924
186.0,13183.578812031217,26664.02180109201,3334.9429692128897,51.92572679180687,4.598603287700104,10941.0,0.82,521.61,3500.0,200.43,26.56,62103.0,66944.0,id6,0.0004,0.04245053993036112
207.0,11257.983751854928,21494.267778280526,3702.1055203304454,51.87927653437866,4.570352376444053,12146.0,0.82,519.27,3500.0,201.25,26.63,62077.0,67161.0,id6,0.0004,0.03857104739363404
227.0,9267.2075260099,16376.05700084027,4069.2680710802483,51.83328414714314,4.54121260589302,13351.0,0.82,516.92,3500.0,201.73,26.68,62050.0,67283.0,id6,0.0004,0.034631734089915316
248.0,7242.838719096085,11298.045471545942,4436.4306214439675,51.78764652679621,4.5116447784976215,14555.0,0.82,514.56,3500.0,201.88,26.68,62023.0,67312.0,id6,0.0004,0.030652725920038287
268.0,5215.01995286301,6248.5682822123,4803.593171396626,51.74225814753613,4.482087065362798,15760.0,0.82,512.18,3500.0,201.66,26.66,61997.0,67245.0,id6,0.0004,0.026925707983446852
289.0,3215.6802150987037,1214.990208754991,5170.755720910307,51.697005180542504,4.4530020508025245,16964.0,0.82,509.8,3500.0,201.42,26.61,61970.0,67083.0,id6,0.0004,0.024111214605159467
310.0,1247.2376122814235,-3803.4258967454725,5537.918269950259,51.65188133414023,4.424422958594897,18169.0,0.82,507.4,3500.0,201.21,26.52,61944.0,66826.0,id6,0.0004,0.021618831021094118
330.0,-693.6381991598338,-8805.152254377084,5905.080818477261,51.60690069836851,4.396300490989133,19374.0,0.82,505.0,3420.0,200.79,26.39,61917.0,66474.0,id6,0.0004,0.01934859337200367
351.0,-2589.0159026100923,-13797.742389333209,6263.88175562145,51.561995675937325,4.368891539888907,20551.0,0.82,502.63,2920.0,200.62,26.24,61891.0,66042.0,id6,0.0004,0.0043743919115060564
372.0,-4463.001051395779,-18776.911119189295,6570.230909233195,51.517205151028485,4.341845680792034,21556.0,0.8139,496.88,2420.0,200.62,26.17,61865.0,65828.0,id6,0.0004,0.0
392.0,-6316.862601622681,-23703.162325323796,6824.128276023586,51.472884541119264,4.3151425684218205,22389.0,0.8022,488.09,1920.0,200.62,26.16,61839.0,65813.0,id6,0.0004,0.0
413.0,-8139.3069060764365,-28545.928705629718,7025.573855082474,51.42930912638619,4.288942535825365,23050.0,0.7868,477.45,1420.0,200.62,25.44,61813.0,63812.0,id6,0.0004,0.0
434.0,-9923.196981176015,-33286.24519786303,7174.567646526302,51.38664991140415,4.263345142836514,23539.0,0.7538,456.48,920.0,200.62,21.98,61791.0,54803.0,id6,0.0004,0.0
454.0,-11629.754123101819,-37821.06546034448,7271.10965160233,51.34583479241784,4.238902058546942,23855.0,0.7051,426.44,420.0,200.62,17.86,61773.0,44922.0,id6,0.0004,0.0
475.0,-13224.806584887581,-42059.585184865384,7315.199875244553,51.30768189815311,4.216095406757084,24000.0,0.6658,402.42,0.0,200.62,14.23,61759.0,36614.0,id6,0.0004,0.0
496.0,-14730.53568311493,-46060.74659713443,7315.199885073819,51.271661516624754,4.194600715508115,24000.0,0.6657,402.37,0.0,200.62,14.23,61745.0,36606.0,id6,0.0004,0.0
516.0,-16236.07094782406,-50061.39284828785,7315.19989461408,51.235641841798305,4.173142470259585,24000.0,0.6656,402.32,0.0,200.62,14.23,61731.0,36597.0,id6,0.0004,0.0
537.0,-17741.412518738984,-54061.524296129806,7315.199903880285,51.199622883168544,4.1517205636967285,24000.0,0.6655,402.27,0.0,200.62,14.22,61716.0,36588.0,id6,0.0004,0.0
558.0,-19246.56045053082,-58061.141071090315,7315.199912887463,51.16360465222852,4.130334890109145,24000.0,0.6654,402.22,0.0,200.62,14.22,61702.0,36579.0,id6,0.0004,0.0
578.0,-20751.514798665765,-62060.24330429585,7315.1999216494305,51.12758716041641,4.108985344162549,24000.0,0.6653,402.16,0.0,200.62,14.21,61688.0,36569.0,id6,0.0004,0.0
599.0,-22256.275619512446,-66058.83112817122,7315.1999301789265,51.091570419110184,4.087671820895539,24000.0,0.6653,402.11,0.0,200.62,14.21,61674.0,36560.0,id6,0.0004,0.0
620.0,-23760.842892576686,-70056.9044666646,7315.199938487775,51.05555444151744,4.066394216816619,24000.0,0.6652,402.06,0.0,200.62,14.21,61660.0,36551.0,id6,0.0004,0.0
0.0,23108.223913494858,70165.9358194672,30.48000026512279,52.31661999909992,4.7463000014391135,100.0,0.5,330.63,3500.0,198.75,36.07,62364.0,107773.0,id5,0.001,0.08606137138479379
21.0,21980.798330337064,66844.63496927096,399.9033614499516,52.286797365397994,4.7294967070514495,1312.0,0.5798,381.79,3500.0,193.75,34.51,62329.0,96666.0,id5,0.001,0.07724906976995263
42.0,21016.844203516186,62905.26037802613,769.3267226354081,52.251407730538574,4.71507907128752,2524.0,0.6555,429.82,3500.0,188.75,32.65,62297.0,87328.0,id5,0.001,0.06572504900741992
62.0,20321.696167517603,58388.77693392069,1138.7500838200367,52.210816491879115,4.704595217793435,3736.0,0.7243,472.91,3500.0,183.75,30.72,62266.0,79675.0,id5,0.001,0.05472936076765497
83.0,19992.68770990986,53368.98974430536,1508.1734450035044,52.165684915896335,4.699469489683878,4948.0,0.7851,510.41,3500.0,178.75,28.89,62237.0,73476.0,id5,0.001,0.04612524034298914
104.0,20111.180336835274,47938.837123317586,1877.5968061858462,52.11684655629747,4.7008842916624705,6160.0,0.82,530.8,3500.0,178.98,27.69,62209.0,69774.0,id5,0.001,0.04482233329520029
125.0,20211.873036878435,42290.45208708216,2247.0201673665747,52.06604623778196,4.702022770518548,7372.0,0.82,528.49,3500.0,183.98,27.36,62182.0,68786.0,id5,0.001,0.043516919837486616
145.0,19821.61738416512,36679.57158479443,2616.443528545127,52.01560095071811,4.695987168464677,8584.0,0.82,526.16,3500.0,188.98,27.02,62155.0,67817.0,id5,0.001,0.04255834073409887
166.0,18947.72128322015,31148.70618147687,2985.866889721358,51.96589164344111,4.682910561870333,9796.0,0.82,523.83,3500.0,193.98,26.69,62128.0,66867.0,id5,0.001,0.04200434949372941
187.0,17601.1596235684,25739.378561380578,3355.2902508951165,51.917289045922196,4.662977809376152,11008.0,0.82,521.48,3500.0,198.65,26.73,62102.0,66958.0,id5,0.001,0.03934165288025439
208.0,15827.008062989575,20481.401103943317,3724.7136120664045,51.87005650929629,4.636867526930027,12220.0,0.82,519.13,3500.0,202.21,26.8,62075.0,67170.0,id5,0.001,0.03673852159607452
229.0,13738.936482001422,15367.32396044564,4094.1369732352546,51.8241201374724,4.606250349028953,13432.0,0.82,516.76,3500.0,204.52,26.84,62048.0,67288.0,id5,0.001,0.03413868028892041
249.0,11456.755312815505,10364.788160248416,4463.560334401644,51.77918294969445,4.57287782973151,14644.0,0.82,514.38,3500.0,204.65,26.85,62021.0,67310.0,id5,0.001,0.030898655719131432
270.0,9174.44149419364,5390.389058523038,4832.983695565576,51.73448935900255,4.539570577795138,15856.0,0.82,511.99,3500.0,204.28,26.82,61994.0,67236.0,id5,0.001,0.027475167134564576
291.0,6934.386845567932,424.9439106303123,5202.40705672708,51.68986635628185,4.506942397146094,17068.0,0.82,509.59,3500.0,203.94,26.76,61968.0,67065.0,id5,0.001,0.024545130248087032
312.0,4734.143816411403,-4530.084707636508,5571.830417886178,51.64532766787001,4.4749555764515385,18280.0,0.82,507.18,3500.0,203.69,26.67,61941.0,66797.0,id5,0.001,0.0219631710655649
332.0,2566.478247494741,-9471.186986323595,5941.253779042895,51.600905422833556,4.4435032975523425,19492.0,0.82,504.76,3360.0,203.52,26.54,61914.0,66435.0,id5,0.001,0.019674344550403337
353.0,423.0125228312833,-14396.12009091391,6295.856097778326,51.55662019235065,4.412462586507481,20656.0,0.82,502.42,2860.0,203.48,26.39,61888.0,65999.0,id5,0.001,0.0028695585944339495
374.0,-1709.4272639221324,-19304.03639431329,6597.683650694828,51.512479772251524,4.381643035273492,21646.0,0.8137,496.59,2360.0,203.48,26.31,61862.0,65791.0,id5,0.001,0.0
395.0,-3818.8163378107097,-24158.942206706804,6846.73643777747,51.46880815542346,4.351214286379244,22463.0,0.8021,487.89,1860.0,203.48,26.31,61835.0,65774.0,id5,0.001,0.0
416.0,-5892.782834917897,-28932.32049135441,7043.014459022638,51.425862236019974,4.321353301777659,23107.0,0.7868,477.32,1360.0,203.48,25.29,61810.0,62982.0,id5,0.001,0.0
436.0,-7923.1341085590975,-33605.31529922713,7186.517714433297,51.383812119279646,4.292174648850072,23578.0,0.7536,456.29,860.0,203.48,21.78,61788.0,53960.0,id5,0.001,0.0
457.0,-9865.176691077588,-38075.061492259294,7277.246204021633,51.34358416624942,4.264315266328043,23875.0,0.7044,426.01,360.0,203.48,17.58,61771.0,44026.0,id5,0.001,0.0
478.0,-11679.236008581665,-42250.24529262085,7315.199927832236,51.3060013240217,4.2383360301452235,24000.0,0.6706,405.36,-0.0,203.48,14.44,61756.0,36876.0,id5,0.001,0.0
499.0,-13405.853753251136,-46224.176232314065,7315.199927716148,51.27022471874754,4.213648570444628,24000.0,0.6705,405.31,-0.0,203.48,14.43,61742.0,36867.0,id5,0.001,0.0
519.0,-15132.24676140931,-50197.58992471681,7315.199927597429,51.234447580874566,4.1890027563962855,24000.0,0.6705,405.25,-0.0,203.48,14.43,61727.0,36857.0,id5,0.001,0.0
540.0,-16858.415091912502,-54170.48650518312,7315.1999274762275,51.1986699258747,4.164398468919682,24000.0,0.6704,405.2,-0.0,203.48,14.42,61713.0,36848.0,id5,0.001,0.0
561.0,-18584.35880279285,-58142.866107158494,7315.199927352672,51.16289176917915,4.139835589370534,24000.0,0.6703,405.15,-0.0,203.48,14.42,61699.0,36839.0,id5,0.001,0.0
582.0,-20310.077952060226,-62114.728864025274,7315.1999272268995,51.12711312616014,4.1153139995269665,24000.0,0.6702,405.1,-0.0,203.48,14.42,61684.0,36830.0,id5,0.001,0.0
603.0,-22035.57259770402,-66086.07490910865,7315.199927099016,51.09133401212978,4.090833581587316,24000.0,0.6701,405.04,-0.0,203.48,14.41,61670.0,36820.0,id5,0.001,0.0
623.0,-23760.842796640536,-70056.9043737607,7315.199926969128,51.05555444235694,4.066394218183028,24000.0,0.67,404.99,-0.0,203.48,14.41,61655.0,36811.0,id5,0.001,0.0
0.0,23108.22388244307,70165.93583395933,30.48000002780699,52.316619999231555,4.746300000983301,100.0,0.5,330.63,3500.0,198.75,37.43,62363.0,107773.0,id4,0.004,0.08606137138900839
22.0,21938.222762963735,66719.21104441257,413.8848105881813,52.28567111185625,4.728862598666106,1358.0,0.5828,383.72,3500.0,193.75,35.74,62327.0,96273.0,id4,0.004,0.07683313249590883
43.0,20932.752922704927,62610.17492869379,797.2896211313289,52.24875719130316,4.71382544928279,2616.0,0.6612,433.4,3500.0,188.75,33.73,62293.0,86672.0,id4,0.004,0.0648953263792776
65.0,20205.303723459758,57883.82593216444,1180.6944316221086,52.206279677269706,4.702856769915243,3874.0,0.6975,455.21,3500.0,183.75,32.49,62261.0,81869.0,id4,0.004,0.053705498250377064
86.0,19876.723597246917,52870.57416042943,1564.0992420543657,52.161206783643905,4.697739998538185,5132.0,0.7264,471.94,3500.0,178.75,31.41,62229.0,78049.0,id4,0.004,0.045958062842012676
108.0,19990.376611831492,47662.205100491265,1947.5040524338135,52.11436314691131,4.699098763985318,6389.0,0.7595,491.22,3500.0,173.75,30.2,62199.0,74156.0,id4,0.004,0.044467675362329706
129.0,20580.82062385494,42270.95695249988,2330.9088627616125,52.06585733192774,4.70741884203654,7647.0,0.7905,508.99,3500.0,168.75,29.05,62170.0,70687.0,id4,0.004,0.04266905340800488
151.0,21677.338993272362,36758.42015994624,2714.313673037199,52.016240632544715,4.72310852103428,8905.0,0.8139,521.63,3500.0,170.94,28.11,62142.0,67985.0,id4,0.004,0.040567356274100554
173.0,22584.669717489458,31069.750753736764,3097.7184832572902,51.96504561965898,4.735990563894166,10163.0,0.82,523.12,3500.0,175.94,27.66,62114.0,66754.0,id4,0.004,0.03863061347915096
194.0,22993.910455169556,25307.27585931888,3481.123293418078,51.9132062924545,4.74157672674492,11421.0,0.82,520.68,3500.0,180.94,27.77,62086.0,67041.0,id4,0.004,0.03558772025201086
216.0,22899.805772832467,19558.2233433046,3864.528103521213,51.861508333991694,4.739821283420284,12679.0,0.82,518.23,3500.0,185.94,27.83,62059.0,67227.0,id4,0.004,0.03318171441290342
237.0,22307.819889480987,13866.397801537116,4247.932913571614,51.810345125160005,4.730831792751043,13937.0,0.82,515.77,3500.0,190.94,27.86,62031.0,67309.0,id4,0.004,0.03113864508912998
259.0,21227.215306584894,8274.75370680939,4631.337723573055,51.76010094501986,4.714769729311048,15195.0,0.82,513.3,3500.0,195.94,27.86,62003.0,67288.0,id4,0.004,0.029203429083836722
280.0,19670.946379695597,2825.067325566293,5014.7425335327425,51.71114813746422,4.691848045095482,16453.0,0.82,510.81,3500.0,200.94,27.81,61975.0,67163.0,id4,0.004,0.026769301339660764
302.0,17655.52475799777,-2442.379405361023,5398.14734345326,51.66384442990842,4.662328421343193,17710.0,0.82,508.32,3500.0,205.94,27.73,61947.0,66934.0,id4,0.004,0.024457079263560066
323.0,15200.858804055079,-7489.101042715036,5781.552153340864,51.61853041501786,4.626518264689818,18968.0,0.82,505.81,3500.0,210.42,27.61,61920.0,66603.0,id4,0.004,0.022246020739514975
345.0,12373.339376930946,-12304.366667582051,6164.956963174089,51.57529537925186,4.585392728933909,20226.0,0.82,503.29,3000.0,211.98,27.45,61892.0,66169.0,id4,0.004,0.01073834820082412
367.0,9428.150234403573,-17021.933326700448,6493.593717623771,51.532926590479065,4.542646966769144,21304.0,0.8179,499.81,2500.0,212.04,27.31,61865.0,65799.0,id4,0.004,0.0
388.0,6495.775986415282,-21707.775467697615,6767.4583601061895,51.49082742988604,4.500166488543875,22203.0,0.8069,491.29,2000.0,212.04,27.3,61838.0,65752.0,id4,0.004,0.0
410.0,3611.1483991583464,-26317.31994826408,6986.550890022416,51.44939877848014,4.458454293059848,22922.0,0.7937,481.89,1500.0,212.04,27.17,61810.0,65414.0,id4,0.004,0.0
431.0,779.7675741509019,-30841.777796269438,7150.8713072532755,51.40872045114914,4.417585712939571,23461.0,0.7716,467.4,1000.0,212.04,23.88,61787.0,57016.0,id4,0.004,0.0
453.0,-1968.1435342898676,-35232.85367114124,7260.419612045973,51.369227637702785,4.377994218972942,23820.0,0.7238,437.8,500.0,212.04,19.63,61767.0,47120.0,id4,0.004,0.0
474.0,-4543.389198295416,-39348.015585433735,7315.195805236001,51.33220420456586,4.340950291871177,24000.0,0.6757,408.39,0.0,212.04,15.11,61752.0,37154.0,id4,0.004,0.0
496.0,-6946.723444770621,-43188.4684428115,7315.19988987092,51.29764173315124,4.306433254232543,24000.0,0.6756,408.34,0.0,212.04,15.11,61737.0,37145.0,id4,0.004,0.0
518.0,-9349.718991781821,-47028.38006653692,7315.199896960421,51.26307397686622,4.271973083838352,24000.0,0.6755,408.28,0.0,212.04,15.1,61722.0,37135.0,id4,0.004,0.0
539.0,-11752.388226688441,-50867.77024831423,7315.199903804151,51.22850078927622,4.237569454369346,24000.0,0.6754,408.22,0.0,212.04,15.1,61707.0,37124.0,id4,0.004,0.0
561.0,-14154.731242421223,-54706.63913153509,7315.199910418134,51.193922200710354,4.203222216655881,24000.0,0.6753,408.17,0.0,212.04,15.09,61691.0,37115.0,id4,0.004,0.0
582.0,-16556.74813209747,-58544.986859987,7315.199916816872,51.15933824143196,4.168931221974083,24000.0,0.6752,408.11,0.0,212.04,15.09,61676.0,37105.0,id4,0.004,0.0
604.0,-18958.438989212482,-62382.81357800268,7315.199923013549,51.12474894162119,4.134696322044858,24000.0,0.6751,408.06,0.0,212.04,15.08,61661.0,37096.0,id4,0.004,0.0
625.0,-21359.80390875123,-66220.11943059621,7315.199929020156,51.09015433136354,4.100517369017673,24000.0,0.675,408.0,0.0,212.04,15.08,61646.0,37086.0,id4,0.004,0.0
647.0,-23760.84288175338,-70056.90445200296,7315.199934847671,51.05555444164975,4.066394216970497,24000.0,0.6749,407.95,0.0,212.04,15.08,61631.0,37076.0,id4,0.004,0.0
0.0,23108.223815219855,70165.93591907257,30.480000000004637,52.31661999999981,4.746300000000229,100.0,0.5,330.62,3500.0,198.75,36.1,62364.0,107775.0,id3,0.009,0.08606137148346726
21.0,21979.832244555564,66841.78972859797,400.2151431466196,52.28677181639393,4.729482318137274,1313.0,0.5798,381.81,3500.0,193.75,34.54,62329.0,96661.0,id3,0.009,0.07723970585059027
42.0,21014.92086842067,62898.73058964096,769.9498535299821,52.25134908069811,4.715050410476526,2526.0,0.6555,429.8,3500.0,188.75,32.67,62297.0,87328.0,id3,0.009,0.06570653552758246
62.0,20319.067438620343,58378.57496950991,1139.68330534022,52.21072484112459,4.704556023354467,3739.0,0.6904,450.76,3500.0,183.75,31.54,62265.0,82657.0,id3,0.009,0.054707507408640506
83.0,20005.01803212395,53590.97895229858,1509.4153706108837,52.16768084717787,4.699663401447043,4952.0,0.7115,462.58,3500.0,178.76,30.69,62234.0,79486.0,id3,0.009,0.046012237642894346
104.0,20112.00221694585,48667.86266341985,1879.146208731123,52.12340274677217,4.700939574375378,6165.0,0.7428,480.79,3500.0,173.76,29.59,62205.0,75688.0,id3,0.009,0.04458192223748284
125.0,20668.52681929151,43579.07259766643,2248.875807425064,52.077618112960884,4.708781408208043,7378.0,0.7723,497.75,3500.0,168.77,28.53,62176.0,72271.0,id3,0.009,0.04284576051177853
146.0,21700.987580445453,38380.13523889681,2618.604086569113,52.03082397845674,4.7235573490479945,8591.0,0.7982,512.19,3500.0,165.01,27.57,62149.0,69337.0,id3,0.009,0.04082883525733487
166.0,23111.353246078994,33110.317775670264,2988.330969305824,51.98337498422568,4.743815946074895,9804.0,0.8156,521.03,3500.0,169.99,26.82,62122.0,67155.0,id3,0.009,0.038553941588752035
187.0,24075.220579899596,27644.90479545552,3358.0564151480107,51.9341830582634,4.757505350537272,11017.0,0.8194,521.1,3500.0,174.98,26.76,62095.0,66997.0,id3,0.009,0.03585630230883657
208.0,24560.357651739218,22115.701900467142,3727.7804824409423,51.88443722365794,4.764185402984585,12230.0,0.8197,518.94,3500.0,179.97,26.83,62068.0,67188.0,id3,0.009,0.03337343520440864
229.0,24562.887405536454,16588.546428667418,4097.503288064162,51.83473090416781,4.76382737389603,13443.0,0.8198,516.63,3500.0,184.96,26.87,62041.0,67299.0,id3,0.009,0.03144021266958459
250.0,24087.148674260152,11106.83614555025,4467.224920920546,51.78545411562869,4.756520633397108,14656.0,0.8199,514.27,3500.0,189.94,26.87,62015.0,67318.0,id3,0.009,0.029761485071867357
270.0,23141.522369496353,5712.070399445436,4836.9454648473165,51.73697841730987,4.74241217831943,15869.0,0.8199,511.89,3500.0,194.91,26.85,61988.0,67240.0,id3,0.009,0.027847962458053127
291.0,21738.238671681273,444.35211857466845,5206.665041077328,51.689661533001825,4.721703026606002,17082.0,0.8199,509.49,3500.0,199.88,26.79,61961.0,67068.0,id3,0.009,0.02563667428936306
312.0,19893.313292868464,-4657.9990200349375,5576.3838253444965,51.643844017411034,4.694646523276344,18295.0,0.8199,507.08,3500.0,204.82,26.69,61934.0,66798.0,id3,0.009,0.023563783364440323
333.0,17626.579328030195,-9558.909640353633,5946.102000654946,51.5998452729216,4.661548139206994,19508.0,0.8199,504.64,3499.0,209.82,26.57,61908.0,66435.0,id3,0.009,0.02156455687644355
354.0,14954.529276710533,-14220.881178243468,6315.722935659895,51.55799697594265,4.622661571457115,20721.0,0.8196,502.06,2999.0,214.4,26.41,61881.0,65986.0,id3,0.009,0.002079512034821857
374.0,11931.022819335309,-18635.822282394834,6632.581518646611,51.51836498541684,4.578775904896325,21760.0,0.8195,499.87,2500.0,214.85,26.24,61855.0,65525.0,id3,0.009,0.0
395.0,8884.457567421052,-23012.041511111973,6896.679113894809,51.47906521291629,4.534634680369848,22627.0,0.8194,498.05,2001.0,214.77,26.09,61829.0,65089.0,id3,0.009,0.0
416.0,5852.290947619803,-27379.745899177502,7108.02185035365,51.439825286689185,4.490777459728804,23320.0,0.819,496.41,1501.0,214.76,25.95,61803.0,64716.0,id3,0.009,0.0
437.0,2828.7545660956603,-31736.536964284664,7266.620829104411,51.40066708736608,4.447120152368249,23841.0,0.8152,493.09,1002.0,214.76,23.97,61779.0,59431.0,id3,0.009,0.0
458.0,-176.23537147506306,-36066.961603238866,7372.49705583693,51.36172977003041,4.403807527116402,24188.0,0.8083,488.18,504.0,214.76,21.14,61758.0,52362.0,id3,0.009,0.0
478.0,-3152.663562176088,-40356.52157229193,7425.698633548614,51.32314399630473,4.360976839469517,24363.0,0.7999,482.74,7.0,214.75,18.17,61740.0,45350.0,id3,0.009,0.0
499.0,-6097.169131593585,-44600.11298973772,7426.416323501649,51.28495633468597,4.318676491258166,24365.0,0.7997,482.67,2.0,214.75,18.14,61722.0,45273.0,id3,0.009,0.0
520.0,-9041.16413215036,-48843.098918373486,7426.638343776596,51.24675886745409,4.2764538683686055,24366.0,0.7997,482.67,2.0,214.75,18.13,61703.0,45268.0,id3,0.009,0.0
541.0,-11985.161471322845,-53086.08018831628,7426.852714139507,51.2085462339224,4.234301410271447,24366.0,0.7997,482.67,2.0,214.75,18.13,61685.0,45263.0,id3,0.009,0.0
561.0,-14929.24970420524,-57329.033503378254,7427.05995888002,51.170318686833184,4.192217661526349,24367.0,0.7998,482.68,2.0,214.76,18.13,61667.0,45260.0,id3,0.009,0.0
582.0,-17873.520802081843,-61571.93847262218,7427.260536408877,51.1320764508029,4.15020112183256,24368.0,0.7998,482.68,2.0,214.76,18.13,61649.0,45254.0,id3,0.009,0.0
603.0,-20818.011838403258,-65814.81293357088,7427.454862623282,51.09381940668115,4.108251083405737,24368.0,0.7995,482.54,2.0,214.75,18.12,61631.0,45232.0,id3,0.009,0.0
624.0,-23760.842894888374,-70056.90447280808,7427.643290239588,51.05555444146211,4.0663942167839515,24369.0,0.7993,482.39,2.0,214.74,18.11,61613.0,45207.0,id3,0.009,0.0
0.0,23108.223913322152,70165.93582209043,30.480000055197983,52.31661999912351,4.746300001436754,100.0,0.5,330.63,3500.0,198.75,39.25,62361.0,107773.0,id2,1.0,0.08606137139046081
23.0,21881.512353673712,66552.14684441748,432.5115409203967,52.28417094106362,4.728018020013382,1419.0,0.5869,386.3,3500.0,193.75,37.38,62323.0,95752.0,id2,1.0,0.07628076981703018
45.0,20820.164843753642,62214.75640667292,834.5430817776465,52.24520540818536,4.712147214599064,2738.0,0.6587,431.59,3500.0,188.75,35.39,62288.0,86759.0,id2,1.0,0.06380026978645152
68.0,20060.666213850145,57280.1772824361,1236.5746226176443,52.20085626368289,4.700698363128461,4057.0,0.6682,435.78,3500.0,183.75,34.74,62253.0,84295.0,id2,1.0,0.052448202747472514
90.0,19730.94882046665,52249.5736289605,1638.6061634420205,52.155627268607596,4.695566727993113,5376.0,0.695,451.13,3500.0,178.75,33.66,62220.0,80444.0,id2,1.0,0.04567729594036871
113.0,19844.827444432012,47030.86675470667,2040.637704252998,52.108690678237856,4.696930317403529,6695.0,0.7275,470.03,3500.0,173.75,32.4,62187.0,76385.0,id2,1.0,0.04403865194273048
136.0,20437.042239660226,41623.450299249846,2442.669245049907,52.06003954560933,4.705276637903627,8014.0,0.7589,487.99,3500.0,168.75,31.17,62156.0,72703.0,id2,1.0,0.0421486759175491
158.0,21539.044088873296,36083.34690521886,2844.7007858325583,52.0101750068993,4.7210450459368225,9333.0,0.7883,504.47,3500.0,163.75,30.0,62126.0,69419.0,id2,1.0,0.04000834056490721
181.0,23173.289522233776,30476.52954244825,3246.7323266003473,51.95968647674397,4.744541738190945,10652.0,0.8117,516.88,3500.0,158.75,29.26,62097.0,67424.0,id2,1.0,0.037421030718222996
204.0,25342.254516640347,24899.064992563293,3648.7638673536176,51.9094331866302,4.775782909419534,11971.0,0.82,519.61,3500.0,158.56,29.15,62068.0,67135.0,id2,1.0,0.03359533737629071
226.0,27541.050236446223,19299.315901606467,4050.795408093745,51.85896981680929,4.8073870753992525,13290.0,0.82,517.04,3500.0,163.56,29.21,62038.0,67279.0,id2,1.0,0.030876799286035338
249.0,29234.916356221962,13558.089261485402,4452.826948822789,51.8072524316056,4.831564461907023,14609.0,0.82,514.45,3500.0,168.56,29.22,62009.0,67311.0,id2,1.0,0.028669461590788748
271.0,30415.960516611736,7720.71199756821,4854.858489542667,51.754693613836345,4.848227968632333,15928.0,0.82,511.85,3500.0,173.56,29.19,61980.0,67228.0,id2,1.0,0.026743467607521713
294.0,31080.342234295047,1832.8084254964438,5256.890030254896,51.70170703352236,4.8573512691171405,17247.0,0.82,509.24,3500.0,178.56,29.11,61951.0,67031.0,id2,1.0,0.024682641349350116
317.0,31228.26465315562,-4060.060444642408,5658.9215709614155,51.64870413961237,4.858967626487401,18566.0,0.82,506.61,3500.0,183.56,28.99,61922.0,66720.0,id2,1.0,0.023020387712665517
339.0,30863.93432851776,-9912.75393827598,6060.953111655122,51.59609094329365,4.853168248062362,19885.0,0.82,503.97,3500.0,188.56,28.83,61893.0,66297.0,id2,1.0,0.017905686259500266
362.0,29995.489613523834,-15680.90221471117,6462.984651440904,51.54426491705093,4.84010022079482,21204.0,0.82,501.32,3000.0,193.56,28.63,61864.0,65763.0,id2,1.0,0.0
384.0,28633.51824600499,-21326.969276192034,6807.583127943028,51.49356064472261,4.8199436670171,22335.0,0.82,499.03,2500.0,198.56,28.41,61836.0,65220.0,id2,1.0,0.0
407.0,26791.439686955087,-26812.60559296965,7094.74854365715,51.444318700031225,4.79291725997806,23277.0,0.82,497.12,2000.0,203.56,28.21,61808.0,64707.0,id2,1.0,0.0
430.0,24485.271333812223,-32100.756211972897,7324.480902229985,51.396866857551096,4.759274024941628,24030.0,0.82,495.58,1500.0,208.56,28.04,61780.0,64260.0,id2,1.0,0.0
452.0,21733.518809794125,-37155.78691281081,7496.78020941038,51.35151914495782,4.719299214708674,24596.0,0.82,494.43,1000.0,213.56,25.73,61754.0,58642.0,id2,1.0,0.0
475.0,18557.068326384935,-41943.60258946475,7611.64647542303,51.30857498477853,4.673308319513322,24973.0,0.82,493.65,500.0,218.56,22.85,61731.0,52060.0,id2,1.0,0.0
497.0,14979.08131198373,-46431.7599999291,7669.079723014424,51.26831840169972,4.62164521751009,25161.0,0.82,493.27,0.0,223.56,19.94,61711.0,45744.0,id2,1.0,0.0
520.0,11024.891142511276,-50589.57671035955,7669.080043230816,51.23101727446553,4.564680465308153,25161.0,0.82,493.27,0.0,228.56,19.94,61691.0,45739.0,id2,1.0,0.0
543.0,6723.370250684709,-54386.94127008997,7669.080152390633,51.1969342563925,4.502830825021707,25161.0,0.82,493.27,0.0,233.56,19.94,61671.0,45735.0,id2,1.0,0.0
565.0,2107.2558149105976,-57794.953455948526,7669.080270630758,51.16632131511482,4.436563769288284,25161.0,0.82,493.27,0.0,238.56,19.94,61651.0,45730.0,id2,1.0,0.0
588.0,-2788.320730484186,-60787.676257757754,7669.080400334113,51.139404164062604,4.3663810150594,25161.0,0.82,493.27,0.0,243.56,19.93,61631.0,45726.0,id2,1.0,0.0
611.0,-7926.101068211247,-63342.33329838469,7669.080544726831,51.116381035962725,4.2927966676025076,25161.0,0.82,493.27,0.0,248.56,19.93,61612.0,45721.0,id2,1.0,0.0
633.0,-13266.983532447639,-65439.48226440849,7669.080708347956,51.09742129467326,4.216360709272845,25161.0,0.82,493.27,0.0,248.75,19.93,61592.0,45717.0,id2,1.0,0.0
656.0,-18614.7136703441,-67519.10759054427,7669.080897574462,51.07856887993681,4.139888726439349,25161.0,0.82,493.27,0.0,243.75,19.93,61572.0,45713.0,id2,1.0,0.0
678.0,-23760.842885887636,-70056.90447168564,7669.081121256029,51.05555444147256,4.066394216912651,25161.0,0.82,493.27,0.0,238.75,19.92,61552.0,45708.0,id2,1.0,0.0
0.0,23108.22391452755,70165.93581988913,30.480000294081602,52.316619999103665,4.746300001454335,100.0,0.5,330.63,3500.0,198.75,39.25,62361.0,107773.0,id1,5.0,0.08606137138599831
23.0,21881.478303155218,66552.04652784322,432.52272687976676,52.28417004025835,4.72801751292145,1419.0,0.5869,386.3,3500.0,193.75,37.38,62323.0,95752.0,id1,5.0,0.07628043870490178
45.0,20820.09704277596,62214.51815987792,834.5654534635944,52.24520326816342,4.712146204032934,2738.0,0.6586,431.54,3500.0,188.75,35.39,62288.0,86766.0,id1,5.0,0.06379961569902354
68.0,20060.655248314728,57280.30829625924,1236.6081800433933,52.200857442305505,4.700698210016633,4057.0,0.6681,435.73,3500.0,183.75,34.75,62253.0,84302.0,id1,5.0,0.05244793979467789
90.0,19730.967560495203,52250.157842051696,1638.6509066195456,52.15563252184369,4.695567036751479,5376.0,0.6949,451.07,3500.0,178.75,33.66,62220.0,80452.0,id1,5.0,0.04567666598278687
113.0,19844.83527384789,47031.95109334079,2040.6936331925701,52.10870042955636,4.696930495477303,6695.0,0.7274,469.97,3500.0,173.75,32.41,62187.0,76392.0,id1,5.0,0.044037899626778794
136.0,20436.992342305653,41625.06176940084,2442.7363597623084,52.06005403960428,4.7052760048880975,8014.0,0.7588,487.93,3500.0,168.75,31.18,62156.0,72710.0,id1,5.0,0.04214789636318597
158.0,21538.8865378925,36085.49961580305,2844.77908632872,52.01019437259372,4.721042879988032,9333.0,0.7883,504.41,3500.0,163.75,30.01,62126.0,69426.0,id1,5.0,0.04000770778523762
181.0,23172.9765120178,30479.215644527758,3246.8218128916624,51.959710646190274,4.74453735211752,10652.0,0.8116,516.82,3500.0,158.75,29.26,62097.0,67430.0,id1,5.0,0.03742132409601413
204.0,25341.76125300635,24902.214672168873,3648.8645394512137,51.90946153442322,4.775775951545023,11971.0,0.82,519.61,3500.0,158.56,29.15,62068.0,67135.0,id1,5.0,0.033595561475208285
226.0,27540.72156725333,19302.358837800097,4050.9072660076977,51.858997198357656,4.807382533288472,13290.0,0.82,517.04,3500.0,163.56,29.21,62038.0,67279.0,id1,5.0,0.030876841183418196
249.0,29234.741291308175,13561.013035633592,4452.949992561596,51.80727873439224,4.831562163589691,14609.0,0.82,514.45,3500.0,168.56,29.22,62009.0,67311.0,id1,5.0,0.028669495591144067
271.0,30415.927169846953,7723.505263882338,4854.992719113359,51.75471873556337,4.848227729936014,15928.0,0.82,511.85,3500.0,173.56,29.19,61980.0,67228.0,id1,5.0,0.02674374253067847
294.0,31080.437916034174,1835.4609990432882,5257.035445663337,51.70173088284347,4.857352895330898,17247.0,0.82,509.24,3500.0,178.56,29.11,61951.0,67031.0,id1,5.0,0.024682838267206332
317.0,31228.47598024085,-4057.557530573592,5659.078172211984,51.64872663657509,4.858970914226632,18567.0,0.82,506.61,3500.0,183.56,28.99,61922.0,66720.0,id1,5.0,0.023020563127415176
339.0,30864.24733942484,-9910.40838782404,6061.120898757644,51.596112019653496,4.853172987149538,19886.0,0.82,503.97,3500.0,188.56,28.83,61893.0,66297.0,id1,5.0,0.0178956827332208
362.0,29995.889883825657,-15678.72045258491,6463.163625094424,51.54428451633081,4.840106196081245,21205.0,0.82,501.32,3000.0,193.56,28.63,61864.0,65763.0,id1,5.0,0.0
384.0,28633.991028287826,-21324.956798641768,6807.7716799537475,51.49357871896024,4.8199506604494164,22335.0,0.82,499.03,2500.0,198.56,28.42,61836.0,65220.0,id1,5.0,0.0
407.0,26791.969991115107,-26810.766656571057,7094.945064099311,51.44433521248424,4.792925051815861,23277.0,0.82,497.12,2000.0,203.56,28.21,61808.0,64707.0,id1,5.0,0.0
430.0,24485.843945877037,-32099.094014627084,7324.683778650631,51.39688178098033,4.759282393995301,24031.0,0.82,495.58,1500.0,208.56,28.04,61780.0,64260.0,id1,5.0,0.0
452.0,21734.118340130084,-37154.30358063922,7496.987825379775,51.35153246165776,4.719307938976176,24596.0,0.82,494.43,1000.0,213.56,25.73,61754.0,58642.0,id1,5.0,0.0
475.0,18557.67925821413,-41942.29916336788,7611.857207455776,51.30858668661549,4.6733171767805235,24973.0,0.82,493.65,500.0,218.56,22.85,61731.0,52060.0,id1,5.0,0.0
497.0,14979.688051013462,-46430.63642072135,7669.291931985205,51.268328490169,4.62165398592938,25162.0,0.82,493.27,0.0,223.56,19.94,61711.0,45742.0,id1,5.0,0.0
520.0,11025.478067628486,-50588.631802986696,7669.292027936549,51.23102576076438,4.564688923957847,25162.0,0.82,493.27,0.0,228.56,19.94,61691.0,45738.0,id1,5.0,0.0
543.0,6723.921841328652,-54386.17261032413,7669.292062731681,51.19694116255651,4.502838755542348,25162.0,0.82,493.27,0.0,233.56,19.94,61671.0,45734.0,id1,5.0,0.0
565.0,2107.7568195183476,-57794.357262567246,7669.292102419732,51.166326674938134,4.436570958064981,25162.0,0.82,493.27,0.0,238.56,19.94,61651.0,45729.0,id1,5.0,0.0
588.0,-2787.8851845405984,-60787.24741640009,7669.292149011391,51.13940802287307,4.366387254491028,25162.0,0.82,493.27,0.0,243.56,19.93,61631.0,45725.0,id1,5.0,0.0
611.0,-7925.745366837663,-63342.06537744302,7669.292205927174,51.116383450399006,4.292801757463828,25162.0,0.82,493.27,0.0,248.56,19.93,61612.0,45720.0,id1,5.0,0.0
633.0,-13266.721489423659,-65439.36747120909,7669.2922797371,51.097422333149105,4.2163644575137065,25162.0,0.82,493.27,0.0,248.75,19.93,61592.0,45716.0,id1,5.0,0.0
656.0,-18614.585172934916,-67519.04435880098,7669.292385305155,51.07856945279649,4.139890562498544,25162.0,0.82,493.27,0.0,243.75,19.93,61572.0,45711.0,id1,5.0,0.0
678.0,-23760.84283046125,-70056.90446539813,7669.292568410695,51.05555444153141,4.066394217705224,25162.0,0.82,493.27,0.0,238.75,19.92,61552.0,45707.0,id1,5.0,0.0
0.0,23108.22391486856,70165.93581949126,30.480000296342602,52.31661999910008,4.746300001459324,100.0,0.5,330.63,3500.0,198.75,39.25,62361.0,107773.0,id0,10.0,0.08606137138556112
23.0,21881.47404782383,66552.03399046864,432.5241248392948,52.28416992767742,4.72801744954956,1419.0,0.5869,386.3,3500.0,193.75,37.38,62323.0,95752.0,id0,10.0,0.07628039732386659
45.0,20820.088569403077,62214.48838428165,834.5682493813553,52.24520300070786,4.7121460777381925,2738.0,0.6586,431.54,3500.0,188.75,35.39,62288.0,86766.0,id0,10.0,0.06379953395363869
68.0,20060.653878848687,57280.324674607844,1236.612373921483,52.20085758964787,4.7006981908957375,4057.0,0.6681,435.72,3500.0,183.75,34.75,62253.0,84303.0,id0,10.0,0.05244790693604707
90.0,19730.969903955523,52250.23086535038,1638.6564984598604,52.15563317846815,4.695567075360109,5376.0,0.6949,451.07,3500.0,178.75,33.66,62220.0,80452.0,id0,10.0,0.045676587248904055
113.0,19844.83625371276,47032.08662566944,2040.700622996737,52.10870164838118,4.696930517753339,6695.0,0.7274,469.96,3500.0,173.75,32.41,62187.0,76393.0,id0,10.0,0.04403780560122364
136.0,20436.98610751494,41625.26318350019,2442.7447475320378,52.06005585117667,4.705275925794738,8014.0,0.7588,487.93,3500.0,168.75,31.18,62156.0,72710.0,id0,10.0,0.042147798934388664
158.0,21538.866849136793,36085.76867223487,2844.788872065741,52.01019679301403,4.721042609317019,9333.0,0.7882,504.4,3500.0,163.75,30.01,62126.0,69427.0,id0,10.0,0.04000762869996906
181.0,23172.937393047858,30479.55136859598,3246.83299659778,51.95971366702281,4.74453680396203,10652.0,0.8116,516.82,3500.0,158.75,29.26,62097.0,67430.0,id0,10.0,0.037421360767812765
204.0,25341.69958849027,24902.60838099128,3648.877121128193,51.909465077887475,4.775775081714356,11971.0,0.82,519.61,3500.0,158.56,29.15,62068.0,67135.0,id0,10.0,0.03359558950480527
226.0,27540.680483190245,19302.739207710398,4050.921245657133,51.85900062107716,4.807381965518442,13290.0,0.82,517.04,3500.0,163.56,29.21,62038.0,67279.0,id0,10.0,0.030876846427377244
249.0,29234.719413298335,13561.378515033912,4452.965370184832,51.80728202230894,4.831561876374728,14609.0,0.82,514.45,3500.0,168.56,29.22,62009.0,67311.0,id0,10.0,0.028669499846673652
271.0,30415.923012140713,7723.8544342592095,4855.009494711508,51.75472187588739,4.848227700254587,15929.0,0.82,511.85,3500.0,173.56,29.19,61980.0,67228.0,id0,10.0,0.026743776899769665
294.0,31080.449892524142,1835.792586837427,5257.0536192373265,51.70173386415251,4.85735309884531,17248.0,0.82,509.24,3500.0,178.56,29.11,61951.0,67030.0,id0,10.0,0.024682862884834487
317.0,31228.502418120963,-4057.2446466830975,5659.097743762506,51.64872944887075,4.858971325514813,18567.0,0.82,506.61,3500.0,183.56,28.99,61922.0,66720.0,id0,10.0,0.023020585057055808
339.0,30864.286493554624,-9910.115171343206,6061.141868286251,51.59611465440085,4.8531735799397255,19886.0,0.82,503.97,3500.0,188.56,28.83,61893.0,66297.0,id0,10.0,0.01789443250578569
362.0,29995.939951064232,-15678.447707645575,6463.185992709966,51.54428696646088,4.840106943478242,21205.0,0.82,501.32,3000.0,193.56,28.63,61864.0,65763.0,id0,10.0,0.0
384.0,28634.050163685115,-21324.705218599298,6807.79524403154,51.49358097842101,4.819951535173789,22335.0,0.82,499.03,2500.0,198.56,28.42,61836.0,65220.0,id0,10.0,0.0
407.0,26792.036320720214,-26810.53677232532,7094.969622631169,51.44433727669349,4.792926026397317,23277.0,0.82,497.12,2000.0,203.56,28.21,61808.0,64707.0,id0,10.0,0.0
430.0,24485.915567683245,-32098.886225378817,7324.709129066832,51.3968836465381,4.759283440781326,24031.0,0.82,495.58,1500.0,208.56,28.04,61780.0,64260.0,id0,10.0,0.0
452.0,21734.19333005967,-37154.11815194952,7497.01376422281,51.351534126352774,4.719309030211078,24597.0,0.82,494.42,1000.0,213.56,25.73,61754.0,58639.0,id0,10.0,0.0
475.0,18557.755676137862,-41942.13622533865,7611.883529682536,51.308588149431195,4.673318284679846,24973.0,0.82,493.65,500.0,218.56,22.85,61731.0,52060.0,id0,10.0,0.0
497.0,14979.763946879482,-46430.49596607793,7669.318429002384,51.268329751291326,4.621655082751167,25162.0,0.82,493.27,0.0,223.56,19.94,61711.0,45742.0,id0,10.0,0.0
520.0,11025.551487572273,-50588.51368518729,7669.318476719334,51.231026821590014,4.5646899820693205,25162.0,0.82,493.27,0.0,228.56,19.94,61691.0,45738.0,id0,10.0,0.0
543.0,6723.990843808362,-54386.0765264566,7669.318494113665,51.196942025838894,4.502839747627553,25162.0,0.82,493.27,0.0,233.56,19.94,61671.0,45734.0,id0,10.0,0.0
565.0,2107.819496766424,-57794.28273943702,7669.318514160721,51.16632734490645,4.4365718574032424,25162.0,0.82,493.27,0.0,238.56,19.94,61651.0,45729.0,id0,10.0,0.0
588.0,-2787.8306932097075,-60787.19381370464,7669.318538034204,51.13940850520235,4.366388035109331,25162.0,0.82,493.27,0.0,243.56,19.93,61631.0,45725.0,id0,10.0,0.0
611.0,-7925.700861718992,-63342.03188932528,7669.318567822234,51.11638375218613,4.292802394304674,25162.0,0.82,493.27,0.0,248.56,19.93,61612.0,45720.0,id0,10.0,0.0
633.0,-13266.688700294593,-65439.35311913221,7669.318607822729,51.097422462985705,4.216364926527038,25162.0,0.82,493.27,0.0,248.75,19.93,61592.0,45716.0,id0,10.0,0.0
656.0,-18614.569087654887,-67519.03644837704,7669.318669051819,51.078569524462765,4.1398907923363275,25162.0,0.82,493.27,0.0,243.75,19.93,61572.0,45711.0,id0,10.0,0.0
678.0,-23760.842812204537,-70056.90446139859,7669.318796960129,51.05555444156816,4.066394217966159,25162.0,0.82,493.27,0.0,238.75,19.92,61552.0,45707.0,id0,10.0,0.0
